2.0,"['19', '3', '6', '2', '11', '14', '10', '1', '8']",4.521740401815686,"0, 1, 2, 3, 4, 5, 6, 7, 8, 9, 10, 11, 12, 13, 14, 15, 16, 17, 18, 19, 20, 21, 22, 23, 24, 25, 26, 27, 28, 29, 30, 31, 32, 33, 34, 35, 36, 37, 38, 39, 40","0.06263525127770228, 0.10232053208254326, 0.12530055927448497, 0.13191989838863272, 0.1252184902066336, 0.11010292791051314, 0.09120416713518084, 0.07197314611439348, 0.05453760416979143, 0.03991456243546276, 0.028341657510006574, 0.019593636791485552, 0.013226387648062218, 0.008738231421752694, 0.005661264651517677, 0.0036027294272644927, 0.0022552521470514987, 0.0013903925577663481, 0.0008451313901140985, 0.0005069498161812071, 0.00030034630747927837, 0.00017588120585656516, 0.0001018697911962895, 5.8392953298964995e-5, 3.314359776019795e-5, 1.863700399589376e-5, 1.0386857019014505e-5, 5.739858464153001e-6, 3.146224329701929e-6, 1.7111928898778823e-6, 9.237757567608258e-7, 4.951302349490905e-7, 2.6355734825360354e-7, 1.393614208636641e-7, 7.321886463128935e-8, 3.823055782851088e-8, 1.984236190695703e-8, 1.0238898847298628e-8, 5.253721708858387e-9, 2.6810611905762032e-9, 1.360942309460401e-9",ARI
7.0,"['8', '2', '5', '3', '1', '9', '7', '10', '4']",6.184869880732632,"0, 1, 2, 3, 4, 5, 6, 7, 8, 9, 10, 11, 12, 13, 14, 15, 16, 17, 18, 19, 20, 21, 22, 23, 24, 25, 26, 27, 28, 29, 30, 31, 32, 33, 34, 35, 36, 37, 38, 39, 40","0.025338828086321714, 0.05244215881281775, 0.07769694961956235, 0.09652212894095949, 0.10660659800777955, 0.10802963640988514, 0.10237767178345582, 0.09188877276232026, 0.07881112328127386, 0.06501947652462343, 0.05185893322274612, 0.04014726509106101, 0.030264507601312735, 0.02227412785468103, 0.016040285246736105, 0.01132336222053918, 0.007848412341552442, 0.005348461139841131, 0.0035878782991524815, 0.0023717376193282146, 0.0015463985336411255, 0.0009953221034261612, 0.000632873914447502, 0.00039780820675261463, 0.0002473415562545242, 0.00015220422466094102, 9.27429642461982e-5, 5.598343596437516e-5, 3.3492347164684076e-5, 1.9865867976277126e-5, 1.1686939375514608e-5, 6.821327946880932e-6, 3.951345364507841e-6, 2.272230874200786e-6, 1.29749639978911e-6, 7.35890309061639e-7, 4.1464176816364514e-7, 2.3215569763849321e-7, 1.291871439967721e-7, 7.146192909369127e-8, 3.930270698497752e-8",ATL
10.0,"['7', '1', '8', '2', '10', '5', '6', '3', '4']",4.527720705380327,"0, 1, 2, 3, 4, 5, 6, 7, 8, 9, 10, 11, 12, 13, 14, 15, 16, 17, 18, 19, 20, 21, 22, 23, 24, 25, 26, 27, 28, 29, 30, 31, 32, 33, 34, 35, 36, 37, 38, 39, 40","0.06229486947478424, 0.10165887899572214, 0.12498252888832291, 0.13191387393621748, 0.12541869167843622, 0.11039868228641052, 0.09150547614793189, 0.0722260658002959, 0.05472133414169682, 0.040030674027309185, 0.028403089619969114, 0.019616596577532557, 0.01322565549295652, 0.008725173313252258, 0.005643554235819606, 0.003584922710539357, 0.002239636789469293, 0.001377794104807145, 0.0008355447042549217, 0.0004999733339788411, 0.00029544845851446416, 0.00017254427640356384, 9.965410816974437e-5, 5.6954553106589233e-5, 3.2228334317857195e-5, 1.8065032758237075e-5, 1.003523635548135e-5, 5.526927573215771e-6, 3.0190592350603863e-6, 1.636222160376247e-6, 8.801058127135653e-7, 4.6997857373553577e-7, 2.4922452899140867e-7, 1.3127542887274427e-7, 6.870029900784354e-8, 3.572825765998372e-8, 1.8468522585601616e-8, 9.490799393175422e-9, 4.849551924375987e-9, 2.4643453519275747e-9, 1.2455785385902682e-9",BAL
9.0,"['8', '5', '9', '6', '10', '2', '3', '12', '4']",4.462353449246698,"0, 1, 2, 3, 4, 5, 6, 7, 8, 9, 10, 11, 12, 13, 14, 15, 16, 17, 18, 19, 20, 21, 22, 23, 24, 25, 26, 27, 28, 29, 30, 31, 32, 33, 34, 35, 36, 37, 38, 39, 40","0.06431352514331266, 0.10404219549439865, 0.12704748394691806, 0.13321913941123456, 0.12585109815726475, 0.11008253446990458, 0.09067545668696098, 0.07112879468086473, 0.05355904862138338, 0.03894093273703036, 0.02746164475414319, 0.018851271426700306, 0.012632735684852231, 0.008283686361167936, 0.0053257038521070535, 0.0033626642863990876, 0.0020881651623816185, 0.0012769056044991877, 0.0007697233757487056, 0.0004578311216523407, 0.00026892821697114584, 0.00015611830415123313, 8.962916521715208e-5, 5.0919661617042556e-5, 2.8641761551678976e-5, 1.5959054554015772e-5, 8.812602034190868e-6, 4.8246960407664155e-6, 2.6198041545649607e-6, 1.4114053172390378e-6, 7.546713161628446e-7, 4.0060428919938697e-7, 2.1117569539885123e-7, 1.1057403812837637e-7, 5.7523569228781314e-8, 2.9738382905603423e-8, 1.5281175533108484e-8, 7.8063359275864e-9, 3.965213503817634e-9, 2.0030311204719627e-9, 1.006419428197172e-9",BOS
4.0,"['3', '4', '6', '7', '2', '1', '16', '11', '14']",4.855798261321171,"0, 1, 2, 3, 4, 5, 6, 7, 8, 9, 10, 11, 12, 13, 14, 15, 16, 17, 18, 19, 20, 21, 22, 23, 24, 25, 26, 27, 28, 29, 30, 31, 32, 33, 34, 35, 36, 37, 38, 39, 40","0.053092397035852855, 0.09048097811174863, 0.1149382952742814, 0.12515301441236384, 0.12266994287960373, 0.111263809612057, 0.09499727050463604, 0.07722083552257898, 0.060242445982185686, 0.04537229134674043, 0.033141652229604336, 0.023561929696013076, 0.01635150034442853, 0.011103180545166633, 0.007391672718247876, 0.004832517661314162, 0.0031071654647977925, 0.001967233211998863, 0.0012277763951250124, 0.0007560826138017131, 0.00045980418222317136, 0.00027634874423926824, 0.00016425389022258364, 9.66075220309119e-5, 5.625763954462908e-5, 3.2452127109426514e-5, 1.8552089165735984e-5, 1.0515022173685155e-5, 5.91098633386553e-6, 3.296806391592688e-6, 1.8249462346129396e-6, 1.0029022087433353e-6, 5.473159837752519e-7, 2.9668746806995515e-7, 1.597881160099593e-7, 8.552036314710941e-8, 4.549498414335433e-8, 2.4060778769114103e-8, 1.2652778727653022e-8, 6.617061859448115e-9, 3.442040637948914e-9",CHC
3.0,"['4', '7', '2', '9', '5', '6', '1', '3', '15']",3.3270713552169147,"0, 1, 2, 3, 4, 5, 6, 7, 8, 9, 10, 11, 12, 13, 14, 15, 16, 17, 18, 19, 20, 21, 22, 23, 24, 25, 26, 27, 28, 29, 30, 31, 32, 33, 34, 35, 36, 37, 38, 39, 40","0.11618394284326326, 0.15513644928796907, 0.16324148173304684, 0.1490645378537475, 0.12323310701497506, 0.09462976844310875, 0.06858163947130394, 0.04741181990442434, 0.031502365806875585, 0.020230913996516022, 0.012611892583579684, 0.007658116658255227, 0.004541939205536831, 0.0026371046365251775, 0.0015017844288391666, 0.0008402016194840095, 0.0004624413167880752, 0.00025069628247082414, 0.000134002365631187, 7.068888370249747e-5, 3.683148525701264e-5, 1.8968538216456936e-5, 9.662266919902381e-6, 4.8709163310456384e-6, 2.4314225371116775e-6, 1.2023704685128149e-6, 5.892998396066122e-7, 2.8637152893613835e-7, 1.380319809873343e-7, 6.601368656035949e-8, 3.133496031896514e-8, 1.4766970492262205e-8, 6.9109489255931155e-9, 3.212747017339194e-9, 1.4839146318048074e-9, 6.811283258266553e-10, 3.10759515214555e-10, 1.4095403710353118e-10, 6.357188510680631e-11, 2.85140729479165e-11, 1.2721189744666429e-11",CHW
4.0,"['3', '7', '11', '1', '21', '16', '2', '8', '15']",4.780131725858814,"0, 1, 2, 3, 4, 5, 6, 7, 8, 9, 10, 11, 12, 13, 14, 15, 16, 17, 18, 19, 20, 21, 22, 23, 24, 25, 26, 27, 28, 29, 30, 31, 32, 33, 34, 35, 36, 37, 38, 39, 40","0.053976263267361255, 0.09232356115496693, 0.11716099852984181, 0.1271454377793844, 0.12401386339672937, 0.11180724427808865, 0.09480503292815563, 0.07648011829127621, 0.05917637990436716, 0.04418168747819926, 0.03197668876719861, 0.022516561030710543, 0.015471157745424529, 0.010397852219606213, 0.006849195463851042, 0.004429463296925309, 0.0028165165022403745, 0.0017630777838504353, 0.0010876948955924443, 0.0006619725089974251, 0.00039777983767683606, 0.000236182503881577, 0.00013866029680837413, 8.05422343214729e-5, 4.6313155566164194e-5, 2.6376285420223002e-5, 1.4885095265231749e-5, 8.327240649550304e-6, 4.619868997602682e-6, 2.5426773605215002e-6, 1.3887619709114528e-6, 7.52957423503497e-7, 4.053595506830486e-7, 2.167456277324148e-7, 1.1513433021831665e-7, 6.077168726440655e-8, 3.18808990424719e-8, 1.6625606875680667e-8, 8.620283409187745e-9, 4.444644996758361e-9, 2.2792603020916394e-9",CIN
0.0,"['6', '4', '5', '9', '2', '3', '8', '16', '7']",3.753490649105783,"0, 1, 2, 3, 4, 5, 6, 7, 8, 9, 10, 11, 12, 13, 14, 15, 16, 17, 18, 19, 20, 21, 22, 23, 24, 25, 26, 27, 28, 29, 30, 31, 32, 33, 34, 35, 36, 37, 38, 39, 40","0.09524240760772226, 0.13584438702847365, 0.1494286819240358, 0.143281512916851, 0.12477599672151116, 0.10115324555219807, 0.07754015983681879, 0.05679309332638815, 0.040039384406051294, 0.027319732321814512, 0.018117014026075327, 0.011715433852606044, 0.00740721552681131, 0.00458916230906198, 0.002791215184646826, 0.0016692131057566189, 0.0009828082420252154, 0.0005703823941230628, 0.00032661921605267163, 0.00018470597686197135, 0.00010323455596412244, 5.706613472280521e-5, 3.121853664302982e-5, 1.6911094887060165e-5, 9.07563342254347e-6, 4.827563679710327e-6, 2.5462875229764434e-6, 1.332237093946887e-6, 6.91675687424728e-7, 3.564595543390113e-7, 1.8240365408226113e-7, 9.27024411884715e-8, 4.680509114993839e-8, 2.3482331226717743e-8, 1.1709279381623335e-8, 5.804276087903551e-9, 2.8607309896288047e-9, 1.4021476461154095e-9, 6.835495359980986e-10, 3.314919439119724e-10, 1.5994319679716e-10",CLE
7.0,"['18', '8', '9', '13', '2', '5', '1', '3', '4']",3.896165564384588,"0, 1, 2, 3, 4, 5, 6, 7, 8, 9, 10, 11, 12, 13, 14, 15, 16, 17, 18, 19, 20, 21, 22, 23, 24, 25, 26, 27, 28, 29, 30, 31, 32, 33, 34, 35, 36, 37, 38, 39, 40","0.08666675190083026, 0.12759397245756499, 0.14511939078718727, 0.14262381195998905, 0.12668817052603593, 0.10442069337145259, 0.08117575242097722, 0.06016857977253346, 0.04285066187346637, 0.02948959195143763, 0.01969738946088917, 0.012813930100351138, 0.008141523005312687, 0.005063830077325045, 0.0030891502987192235, 0.0018513722106202736, 0.0010915663447925404, 0.0006339185578654315, 0.00036299639673449723, 0.0002051446627755692, 0.00011451563493072606, 6.318803934111803e-5, 3.448703580087285e-5, 1.8628792663830324e-5, 9.964460700349638e-6, 5.28048406122763e-6, 2.7735555454601274e-6, 1.4445039429657836e-6, 7.462429706383725e-7, 3.8253341603424647e-7, 1.9463567888129677e-7, 9.832533428966022e-8, 4.9330432110598466e-8, 2.4585503203446127e-8, 1.2174707598280145e-8, 5.991656158101854e-9, 2.9311057943403654e-9, 1.425587916708118e-9, 6.894627591644766e-10, 3.3162977508854555e-10, 1.586679881363598e-10",COL
0.0,"['10', '4', '7', '12', '2', '20', '9', '14', '21']",3.753739008066365,"0, 1, 2, 3, 4, 5, 6, 7, 8, 9, 10, 11, 12, 13, 14, 15, 16, 17, 18, 19, 20, 21, 22, 23, 24, 25, 26, 27, 28, 29, 30, 31, 32, 33, 34, 35, 36, 37, 38, 39, 40","0.09454420266953792, 0.1346788682523733, 0.1493792907154488, 0.1438886478534386, 0.12557208389376476, 0.10184978328763482, 0.07800834324049678, 0.05702174828967876, 0.040079534933487905, 0.02724025889850671, 0.017979178828541102, 0.011563024373265276, 0.007266182513109537, 0.004471510648173514, 0.0026998183561336994, 0.001601921328454867, 0.0009353388644169179, 0.0005380625867802496, 0.0003052686718101893, 0.000170967283740347, 9.459666478768326e-5, 5.174679471022783e-5, 2.800371453208149e-5, 1.5001147261122532e-5, 7.95862182855498e-6, 4.183716522571619e-6, 2.180149799243926e-6, 1.1266324648028985e-6, 5.775742655749815e-7, 2.9383812218843773e-7, 1.4839418756641513e-7, 7.441450671927837e-8, 3.7063348380387294e-8, 1.833935793396058e-8, 9.017261523594688e-9, 4.406645627279293e-9, 2.1407709867996274e-9, 1.0340487164257861e-9, 4.967014750266088e-10, 2.373033209369178e-10, 1.1277998793919048e-10",DET
2.0,"['4', '5', '9', '2', '8', '12', '7', '1', '10']",4.989340641112971,"0, 1, 2, 3, 4, 5, 6, 7, 8, 9, 10, 11, 12, 13, 14, 15, 16, 17, 18, 19, 20, 21, 22, 23, 24, 25, 26, 27, 28, 29, 30, 31, 32, 33, 34, 35, 36, 37, 38, 39, 40","0.04902317589193742, 0.08546359409493297, 0.11076470913962326, 0.1225828820415738, 0.1218567181438703, 0.11193240724450705, 0.09667408586815404, 0.07941960646498045, 0.06256802004454845, 0.04755624885226405, 0.03503527292245415, 0.025109218906496037, 0.017557836128193182, 0.01200801467661824, 0.008048455281119207, 0.005295885060226415, 0.0034259881007227466, 0.0021817499156963566, 0.0013692295565591848, 0.0008476609862552495, 0.0005181039547646143, 0.0003128915798918472, 0.00018683212838558792, 0.00011037194843969157, 6.454436013017797e-5, 3.738269480456225e-5, 2.1453422962551637e-5, 1.2204494683122941e-5, 6.885071575492073e-6, 3.853161531914626e-6, 2.1398759176723343e-6, 1.1796528866077467e-6, 6.457077861216366e-7, 3.510322508523893e-7, 1.8957990825168138e-7, 1.0173484918154241e-7, 5.425885203022534e-8, 2.8766044394462243e-8, 1.5162756797813636e-8, 7.947662836578126e-9, 4.14318283753154e-9",HOU
0.0,"['4', '8', '1', '9', '21', '3', '17', '7', '6']",3.777839986549186,"0, 1, 2, 3, 4, 5, 6, 7, 8, 9, 10, 11, 12, 13, 14, 15, 16, 17, 18, 19, 20, 21, 22, 23, 24, 25, 26, 27, 28, 29, 30, 31, 32, 33, 34, 35, 36, 37, 38, 39, 40","0.09017116206269112, 0.13269043777606762, 0.14942638495753177, 0.14514601376228944, 0.12724285750777745, 0.10338946982163487, 0.07916500464908327, 0.057754877326290095, 0.04046041297698336, 0.02737614166718789, 0.01796994284223718, 0.011483657253828331, 0.00716483336197618, 0.0043746093291673945, 0.0026189558465830876, 0.0015398963529223147, 0.000890522824981209, 0.0005071330285960325, 0.00028469998872120475, 0.00015770713077443426, 8.62733286533101e-5, 4.6643042428062325e-5, 2.493860603400277e-5, 1.3194519597064953e-5, 6.911737967527519e-6, 3.5864715928889244e-6, 1.8442914817697242e-6, 9.402695352451349e-7, 4.75444243776751e-7, 2.3851839016547406e-7, 1.1875668091812687e-7, 5.8699776975577944e-8, 2.8812165351313995e-8, 1.4047099747807999e-8, 6.804109364951618e-9, 3.2751052498300173e-9, 1.5668871025585468e-9, 7.452326981077793e-10, 3.524242648914408e-10, 1.6574196295791583e-10, 7.75283456049417e-11",KCR
1.0,"['6', '7', '9', '5', '8', '10', '3', '13', '15']",4.533876670045187,"0, 1, 2, 3, 4, 5, 6, 7, 8, 9, 10, 11, 12, 13, 14, 15, 16, 17, 18, 19, 20, 21, 22, 23, 24, 25, 26, 27, 28, 29, 30, 31, 32, 33, 34, 35, 36, 37, 38, 39, 40","0.06047419948349737, 0.10009605852342712, 0.12463392092672985, 0.1325177139789713, 0.12651869776992494, 0.11157763126095957, 0.09248862714304093, 0.07289565394122544, 0.05507632384408888, 0.04013361365692965, 0.028336811266027658, 0.019457508212507198, 0.01303178995512452, 0.008534148505042803, 0.005475706284591279, 0.0034482038172710784, 0.002134323031764805, 0.0013001605212355472, 0.000780347498786078, 0.0004619125641215533, 0.0002698919983551617, 0.0001557814170749407, 8.888705165708314e-5, 5.0168426149776306e-5, 2.8024479675555506e-5, 1.550182831387619e-5, 8.495135731811427e-6, 4.61408892297957e-6, 2.4848527100786105e-6, 1.3273074576035493e-6, 7.034666772343209e-7, 3.7004164329882653e-7, 1.9324882167913836e-7, 1.0022071605485408e-7, 5.162733373517218e-8, 2.6423070394081477e-8, 1.3438829341500423e-8, 6.7936203539648695e-9, 3.4141636404646317e-9, 1.7060315888962166e-9, 8.4777625934236e-10",LAA
8.0,"['8', '2', '1', '5', '9', '6', '3', '7', '4']",5.723781262070562,"0, 1, 2, 3, 4, 5, 6, 7, 8, 9, 10, 11, 12, 13, 14, 15, 16, 17, 18, 19, 20, 21, 22, 23, 24, 25, 26, 27, 28, 29, 30, 31, 32, 33, 34, 35, 36, 37, 38, 39, 40","0.03393162679094913, 0.06471652777312585, 0.09019405645522, 0.10659567398035695, 0.11275075695864474, 0.10993537072701365, 0.10060681559328413, 0.08745352840247679, 0.07281956303304477, 0.058444918492983125, 0.04543053228858896, 0.03433096777911056, 0.0252975999147367, 0.018222595701106063, 0.012858261948462587, 0.008903476367736423, 0.006058934194603323, 0.004057490324454607, 0.0026769268108442113, 0.0017416736420424882, 0.0011184902082881157, 0.0007095365006235562, 0.0004449390978452997, 0.00027598486259507773, 0.00016942517972886258, 0.0001029922516002569, 6.202561127422468e-5, 3.702248937682902e-5, 2.1910924915297175e-5, 1.286218828881571e-5, 7.491592745596559e-6, 4.330853965800399e-6, 2.485638189101973e-6, 1.4167171402012053e-6, 8.020786076243444e-7, 4.5116929092997786e-7, 2.5219963469670105e-7, 1.401261051772235e-7, 7.740072866060966e-8, 4.251077454004043e-8, 2.321949636065725e-8",LAD
3.0,"['3', '5', '11', '7', '9', '16', '6', '12', '4']",3.984988755705179,"0, 1, 2, 3, 4, 5, 6, 7, 8, 9, 10, 11, 12, 13, 14, 15, 16, 17, 18, 19, 20, 21, 22, 23, 24, 25, 26, 27, 28, 29, 30, 31, 32, 33, 34, 35, 36, 37, 38, 39, 40","0.08379512620094313, 0.12434611532927567, 0.14211891654254058, 0.14072037872328985, 0.1261152790020861, 0.10497988628853205, 0.08248448792761214, 0.06183375144583081, 0.04456208716177339, 0.03104843811919838, 0.021005300359694005, 0.013845806189362852, 0.00891676776812359, 0.005623200124425739, 0.0034791354906583295, 0.002115287520552837, 0.0012655408282344573, 0.0007459494997920815, 0.0004336319366535199, 0.0002488338166521223, 0.00014106726954033657, 7.906532417830717e-5, 4.3839916716298274e-5, 2.4061920113029217e-5, 1.307966171285794e-5, 7.044911481823354e-6, 3.761461445446435e-6, 1.9916469036522528e-6, 1.0461667568934209e-6, 5.453404495409193e-7, 2.821932905939303e-7, 1.449978412304512e-7, 7.399915639444427e-8, 3.7518769113025935e-8, 1.8902779782916186e-8, 9.465639148700744e-9, 4.712019766037361e-9, 2.332261441324165e-9, 1.1479824880145386e-9, 5.620195435940416e-10, 2.7371058720609716e-10",MIA
0.0,"['6', '9', '4', '2', '1', '21', '19', '5', '3']",4.286531564730824,"0, 1, 2, 3, 4, 5, 6, 7, 8, 9, 10, 11, 12, 13, 14, 15, 16, 17, 18, 19, 20, 21, 22, 23, 24, 25, 26, 27, 28, 29, 30, 31, 32, 33, 34, 35, 36, 37, 38, 39, 40","0.07251027443378429, 0.11237593049038475, 0.1325428347642629, 0.13540751534429754, 0.12521191193554296, 0.10754272054429538, 0.08719193764291042, 0.06745358023107216, 0.05017322427829601, 0.03608501379713362, 0.025202886554988695, 0.017152472049620213, 0.011406555657657325, 0.007428808916602094, 0.004747269995252379, 0.00298143720848722, 0.001842727892008644, 0.0011221911183142083, 0.0006740515017963697, 0.0003997019676964876, 0.00023417875891017486, 0.00013565620167805309, 7.77485404485911e-5, 4.411203090314081e-5, 2.4789148577301046e-5, 1.3804217530443457e-5, 7.620713880626161e-6, 4.172387767658019e-6, 2.2663963912163205e-6, 1.2217815743301933e-6, 6.538688738859982e-7, 3.4749602122752456e-7, 1.8343601478654643e-7, 9.620557343895146e-8, 5.014117493300775e-8, 2.5975173356304944e-8, 1.3377561537111715e-8, 6.850610809958391e-9, 3.488908970181467e-9, 1.7673699957132116e-9, 8.906519361514702e-10",MIL
2.0,"['8', '4', '9', '16', '17', '18', '6', '1', '7']",4.881430683729295,"0, 1, 2, 3, 4, 5, 6, 7, 8, 9, 10, 11, 12, 13, 14, 15, 16, 17, 18, 19, 20, 21, 22, 23, 24, 25, 26, 27, 28, 29, 30, 31, 32, 33, 34, 35, 36, 37, 38, 39, 40","0.051219779341690065, 0.08839551293246027, 0.11384011157621624, 0.1250609449623434, 0.12331367257872741, 0.11229078722513042, 0.09609835620378154, 0.07819296753854484, 0.06099068581350121, 0.04588212569682568, 0.03344518528411171, 0.023710032683170446, 0.016395666612850645, 0.011086257106085715, 0.007344894263291096, 0.004776180037492317, 0.003052899086879945, 0.0019205969573949874, 0.00119052021724405, 0.0007278475819542776, 0.0004392633284289381, 0.0002618948741446646, 0.00015436473805221138, 9.00035904577172e-5, 5.19407011033467e-5, 2.9683477954808303e-5, 1.680676272438565e-5, 9.431948063291445e-6, 5.248523081597732e-6, 2.8969956507391346e-6, 1.5866385757819868e-6, 8.625038867295327e-7, 4.655009718134e-7, 2.4950043089693963e-7, 1.3283723599183288e-7, 7.026928269307072e-8, 3.6940354199796853e-8, 1.9302477442515637e-8, 1.0027267135283541e-8, 5.179473744012688e-9, 2.6606853840988515e-9",MIN
5.0,"['7', '8', '4', '2', '3', '6', '9', '16', '13']",4.35205810927407,"0, 1, 2, 3, 4, 5, 6, 7, 8, 9, 10, 11, 12, 13, 14, 15, 16, 17, 18, 19, 20, 21, 22, 23, 24, 25, 26, 27, 28, 29, 30, 31, 32, 33, 34, 35, 36, 37, 38, 39, 40","0.06700999645700416, 0.10754016988164651, 0.13048120823825282, 0.13575600966762266, 0.12708197143472805, 0.11003294424167782, 0.08963702031246785, 0.06948658337459429, 0.051671115345633234, 0.03707764943155912, 0.025791642628238107, 0.017454835307499975, 0.011526258560816094, 0.007444547706097444, 0.004712333564229008, 0.002928320690984151, 0.0017890303416580363, 0.0010759195075954208, 0.0006376495378164094, 0.00037277297476577, 0.0002151488367683341, 0.00012268674167434422, 6.916995895533646e-5, 3.8580377756690695e-5, 2.1300351416199345e-5, 1.1646572694088683e-5, 6.309591951131194e-6, 3.388281779009692e-6, 1.8042680959259335e-6, 9.53060871603041e-7, 4.995522368071871e-7, 2.599044750643816e-7, 1.3425836707167886e-7, 6.887746067987134e-8, 3.5101569306875044e-8, 1.77741094633783e-8, 8.944432602538579e-9, 4.474114596280555e-9, 2.225005228687064e-9, 1.100271441587201e-9, 5.411082552636726e-10",NYM
5.0,"['5', '8', '2', '9', '16', '3', '6', '13', '4']",4.234627603557825,"0, 1, 2, 3, 4, 5, 6, 7, 8, 9, 10, 11, 12, 13, 14, 15, 16, 17, 18, 19, 20, 21, 22, 23, 24, 25, 26, 27, 28, 29, 30, 31, 32, 33, 34, 35, 36, 37, 38, 39, 40","0.07102630177846071, 0.1120474247658525, 0.13427221825670474, 0.13801906918682927, 0.1276567531757639, 0.10921585706532755, 0.08791384151190848, 0.06733966262338813, 0.049477279057431205, 0.03507866416450032, 0.024108265294667603, 0.016119113902291052, 0.010515602200270266, 0.006709440549396207, 0.004195349124948203, 0.0025752351470455636, 0.0015540481826368815, 0.0009231190928615674, 0.0005403487848744022, 0.0003119852655231237, 0.00017783200280207896, 0.00010014606419141389, 5.5757536848065875e-5, 3.071052319133374e-5, 1.6742775454353785e-5, 9.039500448239651e-6, 4.83547602697649e-6, 2.563867743540208e-6, 1.347976037892965e-6, 7.029978744197676e-7, 3.637928931526894e-7, 1.8685943965557756e-7, 9.529257539708953e-8, 4.8261416598621846e-8, 2.4279732185158488e-8, 1.2136380388326937e-8, 6.028760068193641e-9, 2.9767778912734715e-9, 1.4612518414205223e-9, 7.132462430241936e-10, 3.462267760130918e-10",NYY
2.0,"['6', '20', '13', '10', '18', '8', '5', '1', '7']",3.621566579718789,"0, 1, 2, 3, 4, 5, 6, 7, 8, 9, 10, 11, 12, 13, 14, 15, 16, 17, 18, 19, 20, 21, 22, 23, 24, 25, 26, 27, 28, 29, 30, 31, 32, 33, 34, 35, 36, 37, 38, 39, 40","0.09942558703045509, 0.14052746608907088, 0.15401202384704693, 0.1463273643384225, 0.1257663575259, 0.10034497038643876, 0.07553397772463381, 0.054221908234603884, 0.037402691448711015, 0.02493361742553311, 0.01613293684627735, 0.010166759268113742, 0.006257506864898002, 0.003770206064662896, 0.0022279535419790766, 0.0012933909497549218, 0.0007386535376467671, 0.0004154918636003272, 0.0002304370472504379, 0.00012612833064825783, 6.818681347504579e-5, 3.643626545150621e-5, 1.9257416177448598e-5, 1.0072788829221843e-5, 5.217006094560781e-6, 2.676846393311887e-6, 1.3612835122167082e-6, 6.86392470254164e-7, 3.43286272860434e-7, 1.703525555597439e-7, 8.390462272001309e-8, 4.102933846120288e-8, 1.992469041880989e-8, 9.611379757095663e-9, 4.606573625055227e-9, 2.1941310039531707e-9, 1.0387886608038331e-9, 4.88938319132002e-10, 2.2883374066132125e-10, 1.065116800928164e-10, 4.931207461018378e-11",OAK
7.0,"['4', '6', '1', '16', '8', '3', '5', '11', '7']",4.962241957802425,"0, 1, 2, 3, 4, 5, 6, 7, 8, 9, 10, 11, 12, 13, 14, 15, 16, 17, 18, 19, 20, 21, 22, 23, 24, 25, 26, 27, 28, 29, 30, 31, 32, 33, 34, 35, 36, 37, 38, 39, 40","0.048882058908647996, 0.08577482345788952, 0.11146607635485402, 0.12343441615211106, 0.12261755237338498, 0.11244634303261222, 0.09688741926668444, 0.07935844753497467, 0.0623027989110449, 0.04716987732765913, 0.03460195438409247, 0.02468431036047197, 0.017175973113703412, 0.011686018686892632, 0.007790151036295085, 0.005096966684022319, 0.003277997569909752, 0.002074882976700772, 0.0012940557041416219, 0.0007960023744796862, 0.00048334424743085827, 0.00028994602372302394, 0.00017194852137619694, 0.00010087245847581552, 5.857142170130016e-5, 3.367915191028439e-5, 1.9186793061280555e-5, 1.0834167175664325e-5, 6.066121837146054e-6, 3.3690386851415874e-6, 1.8566270943451324e-6, 1.0155486451872466e-6, 5.51515586933464e-7, 2.9744768300655224e-7, 1.5935503097741757e-7, 8.482476744194503e-8, 4.4871846082873026e-8, 2.359424728337897e-8, 1.2333895214160324e-8, 6.411095328808486e-9, 3.314158734041998e-9",PHI
5.0,"['23', '6', '9', '2', '24', '5', '7', '3', '1']",4.159576892973314,"0, 1, 2, 3, 4, 5, 6, 7, 8, 9, 10, 11, 12, 13, 14, 15, 16, 17, 18, 19, 20, 21, 22, 23, 24, 25, 26, 27, 28, 29, 30, 31, 32, 33, 34, 35, 36, 37, 38, 39, 40","0.07649808439926747, 0.11690290806774448, 0.13658406862633612, 0.13800360192345526, 0.12608555069696148, 0.1069271449451504, 0.08555347052268955, 0.06528626242497038, 0.04788196797588831, 0.033943646978154544, 0.023360309195136954, 0.015661386691100496, 0.01025706003396436, 0.006577358888028552, 0.004137589307870835, 0.0025574917916152, 0.0015554461674774204, 0.0009319468678719125, 0.0005506529886654216, 0.00032115598808672794, 0.00018503761798673498, 0.00010539653417459572, 5.9387866223220756e-5, 3.3122938873368026e-5, 1.8295738444600203e-5, 1.0013120486573567e-5, 5.432224637210836e-6, 2.9224590132762114e-6, 1.5596985826369362e-6, 8.260392533012369e-7, 4.342733239330835e-7, 2.2670049111025576e-7, 1.1753946795156542e-7, 6.054296502399094e-8, 3.0987858103560895e-8, 1.576375549191617e-8, 7.971759869754387e-9, 4.008257089115714e-9, 2.0041907357972672e-9, 9.967246219725896e-10, 4.930945078960492e-10",PIT
2.0,"['7', '6', '5', '4', '2', '9', '12', '3', '25']",5.0708429615667585,"0, 1, 2, 3, 4, 5, 6, 7, 8, 9, 10, 11, 12, 13, 14, 15, 16, 17, 18, 19, 20, 21, 22, 23, 24, 25, 26, 27, 28, 29, 30, 31, 32, 33, 34, 35, 36, 37, 38, 39, 40","0.048035103333362174, 0.08382681712948778, 0.10861198684128182, 0.12052452471748074, 0.12034580910652308, 0.11117547273035513, 0.09666398353710139, 0.08000967510186328, 0.06355264582714308, 0.048732850545248965, 0.03624000548893753, 0.026229809513320247, 0.01853115181400922, 0.012809892136448441, 0.008681377818875556, 0.005777810331066824, 0.003781771789746174, 0.0024373955936663532, 0.0015485583561882757, 0.0009707673748964879, 0.000600975089187681, 0.00036768770585178344, 0.00022247236792590159, 0.0001332021334394635, 7.896285436411032e-5, 4.636892528775586e-5, 2.6984898762603577e-5, 1.5569833533615366e-5, 8.910074300036348e-6, 5.058995153077213e-6, 2.8508360980496524e-6, 1.594902209070827e-6, 8.86071695218465e-7, 4.889755805095314e-7, 2.680968188912462e-7, 1.4607567880384728e-7, 7.911066834767038e-8, 4.259379408192547e-8, 2.280287500386508e-8, 1.2140535657328115e-8, 6.429237951213592e-9",SDP
3.0,"['7', '3', '2', '8', '1', '5', '6', '20', '4']",4.462246548271491,"0, 1, 2, 3, 4, 5, 6, 7, 8, 9, 10, 11, 12, 13, 14, 15, 16, 17, 18, 19, 20, 21, 22, 23, 24, 25, 26, 27, 28, 29, 30, 31, 32, 33, 34, 35, 36, 37, 38, 39, 40","0.06384397756449185, 0.10362889520210891, 0.126960558208397, 0.13342110794941142, 0.12620035696313212, 0.11044632848035717, 0.09096840676171358, 0.07131634611282453, 0.05364399562903045, 0.03894594818505561, 0.027415127240424057, 0.018778734870218618, 0.012553100117477935, 0.008208826230355026, 0.0052616601882758155, 0.0033113850885464467, 0.002049132403897524, 0.0012483817206539328, 0.0007495771807863265, 0.00044401167005050403, 0.0002596877054273918, 0.0001500780506983458, 8.576044946644779e-5, 4.848718593028219e-5, 2.7137982233481644e-5, 1.5043777317424017e-5, 8.263502378989458e-6, 4.49967586287553e-6, 2.4298245218787974e-6, 1.3016630633789963e-6, 6.919801601141223e-7, 3.6516635445726575e-7, 1.913422699935939e-7, 9.957869458110417e-8, 5.148274292316455e-8, 2.6448065564616222e-8, 1.3503733785151105e-8, 6.853719635653017e-9, 3.4585230750749867e-9, 1.735486678007224e-9, 8.661397609648057e-10",SEA
0.0,"['2', '8', '10', '9', '11', '3', '4', '12', '27']",3.91051200721117,"0, 1, 2, 3, 4, 5, 6, 7, 8, 9, 10, 11, 12, 13, 14, 15, 16, 17, 18, 19, 20, 21, 22, 23, 24, 25, 26, 27, 28, 29, 30, 31, 32, 33, 34, 35, 36, 37, 38, 39, 40","0.08782001444595132, 0.12761949196702133, 0.14424967126215135, 0.14151255817641983, 0.1257623484669778, 0.10386979892354088, 0.08100848393209067, 0.060295497130788384, 0.04315397490628031, 0.029865142630136995, 0.020071575637786693, 0.013144537405367203, 0.008410988316442635, 0.005270682335379302, 0.0032405905544206134, 0.0019580020740160866, 0.0011642027708087031, 0.0006820016828147037, 0.00039403350711963357, 0.00022473327399784602, 0.00012663061880367044, 7.054396659820991e-5, 3.8878580700780935e-5, 2.1210077793433552e-5, 1.1459964446979026e-5, 6.1353546358803345e-6, 3.256117321241149e-6, 1.7137062713200755e-6, 8.947595816059131e-7, 4.636122518637921e-7, 2.384600336779324e-7, 1.2179005708542926e-7, 6.178141277624254e-8, 3.113576791901362e-8, 1.559249396756426e-8, 7.760998286639137e-9, 3.8401764278212976e-9, 1.8892800195948163e-9, 9.243318156739392e-10, 4.4979647373324874e-10, 2.177341835647521e-10",SFG
9.0,"['11', '7', '2', '5', '1', '6', '3', '8', '10']",4.6864462469492905,"0, 1, 2, 3, 4, 5, 6, 7, 8, 9, 10, 11, 12, 13, 14, 15, 16, 17, 18, 19, 20, 21, 22, 23, 24, 25, 26, 27, 28, 29, 30, 31, 32, 33, 34, 35, 36, 37, 38, 39, 40","0.058007018554731504, 0.09619982359755626, 0.12000415744201874, 0.12853919315640558, 0.12403453407278658, 0.11081530575316025, 0.09322965965890048, 0.07469383573072252, 0.057443568444838354, 0.042655955873775346, 0.030722805546945772, 0.02153935008023063, 0.014741572796739573, 0.009872371308390943, 0.0064822127458826475, 0.00417998996532552, 0.0026509348391678357, 0.001655512548624019, 0.0010191657188807733, 0.0006190829295899327, 0.0003713728794731281, 0.0002201683102725367, 0.00012908455979843592, 7.489128416986357e-5, 4.301928496336641e-5, 2.4478520268699275e-5, 1.38036387697422e-5, 7.71734187015522e-6, 4.279292155377406e-6, 2.354275160434844e-6, 1.2854724412714955e-6, 6.968144444048791e-7, 3.750933375136264e-7, 2.0055790379546244e-7, 1.0654204896407737e-7, 5.624432106869938e-8, 2.9512214504982053e-8, 1.5394786231730147e-8, 7.98494955360613e-9, 4.118796608498674e-9, 2.1131809200470594e-9",STL
4.0,"['2', '4', '5', '6', '9', '12', '8', '1', '7']",5.061539938892535,"0, 1, 2, 3, 4, 5, 6, 7, 8, 9, 10, 11, 12, 13, 14, 15, 16, 17, 18, 19, 20, 21, 22, 23, 24, 25, 26, 27, 28, 29, 30, 31, 32, 33, 34, 35, 36, 37, 38, 39, 40","0.046041100710103734, 0.08234197179203534, 0.10843361698191635, 0.1214248500489745, 0.12182810422621068, 0.11274308035431005, 0.09796653639343851, 0.08088027738061823, 0.06397475856905804, 0.048781880197488685, 0.03602879809459939, 0.025870512468014327, 0.01811478985801439, 0.01239968036085116, 0.00831447754404818, 0.00547100339706222, 0.003537996838669553, 0.002251486012467744, 0.0014115413774811528, 0.000872695061896372, 0.000532547797088263, 0.00032101319297252016, 0.00019127613179910867, 0.00011273202261781633, 6.575535785135538e-5, 3.797850959693317e-5, 2.17306852773695e-5, 1.2323262704915136e-5, 6.928946337065773e-6, 3.864171992768511e-6, 2.138157142084776e-6, 1.1742262015968006e-6, 6.402033654159918e-7, 3.4662048606348277e-7, 1.864096878060701e-7, 9.960042531535917e-8, 5.288422109143219e-8, 2.7909421336272964e-8, 1.4642570580925931e-8, 7.638400341543928e-9, 3.962581402302791e-9",TBR
11.0,"['3', '4', '2', '8', '5', '1', '11', '14', '12']",5.435483484956789,"0, 1, 2, 3, 4, 5, 6, 7, 8, 9, 10, 11, 12, 13, 14, 15, 16, 17, 18, 19, 20, 21, 22, 23, 24, 25, 26, 27, 28, 29, 30, 31, 32, 33, 34, 35, 36, 37, 38, 39, 40","0.03947825577579936, 0.07242337742461705, 0.09801136088833791, 0.11285576994289016, 0.11652435701476471, 0.11105082460845128, 0.09943266011440324, 0.08463226896858772, 0.06904650328526757, 0.05432613753199855, 0.04141697754541884, 0.030708548114751773, 0.022210011482236086, 0.01570770663674256, 0.010885313380302969, 0.007404331853970693, 0.004950986463262623, 0.0032584828120320298, 0.0021132104925043436, 0.0013517638864111476, 0.0008536264928959665, 0.0005325751681754332, 0.00032850465152880917, 0.00020045699454097023, 0.00012107805171989807, 7.242635811751988e-5, 4.292574086623876e-5, 2.5218205631832774e-5, 1.469114422367447e-5, 8.489814686275678e-6, 4.8683945711842235e-6, 2.771093187390563e-6, 1.5660919103442624e-6, 8.790187875560747e-7, 4.901170886915992e-7, 2.715319745062935e-7, 1.495042620187735e-7, 8.182454295806099e-8, 4.452371938561746e-8, 2.4090868767316584e-8, 1.2963950068952932e-8",TEX
10.0,"['8', '4', '2', '6', '1', '9', '5', '3', '7']",4.6199471630366755,"0, 1, 2, 3, 4, 5, 6, 7, 8, 9, 10, 11, 12, 13, 14, 15, 16, 17, 18, 19, 20, 21, 22, 23, 24, 25, 26, 27, 28, 29, 30, 31, 32, 33, 34, 35, 36, 37, 38, 39, 40","0.06049154093985937, 0.09898132105819138, 0.12213342995590971, 0.1296613840904754, 0.12416832973665715, 0.11019480366815734, 0.09215612891969796, 0.07343865396369861, 0.056204794187413844, 0.04155245455536079, 0.029808037195459956, 0.02082154913990528, 0.014202668443036895, 0.009482412564835946, 0.006208792640970953, 0.003993485459142774, 0.002526782159379025, 0.0015746548090587275, 0.0009675384867647822, 0.000586710772610876, 0.00035140975587820737, 0.00020804595480030963, 0.00012182829144981773, 7.060565482946664e-5, 4.051981194069785e-5, 2.3037960003155143e-5, 1.2982634385445742e-5, 7.2543823464872486e-6, 4.020857353461893e-6, 2.2113942635298743e-6, 1.2072019758051088e-6, 6.543142860792819e-7, 3.522107452105084e-7, 1.883376115523778e-7, 1.0006693848819249e-7, 5.2839309572785275e-8, 2.7734743788715345e-8, 1.4473496125013724e-8, 7.510718764677887e-9, 3.876323199542036e-9, 1.990014004872218e-9",TOR
2.0,"['8', '9', '5', '2', '1', '7', '3', '14', '4']",3.797387118858892,"0, 1, 2, 3, 4, 5, 6, 7, 8, 9, 10, 11, 12, 13, 14, 15, 16, 17, 18, 19, 20, 21, 22, 23, 24, 25, 26, 27, 28, 29, 30, 31, 32, 33, 34, 35, 36, 37, 38, 39, 40","0.09189405708337878, 0.13286566332597596, 0.14822016287546422, 0.1434940518593654, 0.12583174633851585, 0.10253429534507592, 0.07889049128423167, 0.05792751642610212, 0.0409003476971583, 0.027924318232651565, 0.018514857015862734, 0.011962351592661173, 0.007552029213857618, 0.004669204774754409, 0.002832529680735086, 0.001688701664067119, 0.0009907713283378696, 0.0005727313760663787, 0.0003265391058275615, 0.00018378994018940494, 0.00010220241443770279, 5.619090788696111e-5, 3.05644015343905e-5, 1.6457442490765436e-5, 8.776734600147451e-6, 4.638032587729589e-6, 2.429702382826747e-6, 1.2622997631731344e-6, 6.506079785224457e-7, 3.327885129758851e-7, 1.6898281652776947e-7, 8.520499581183375e-8, 4.267266199423168e-8, 2.123255128346587e-8, 1.0498337790245176e-8, 5.159364324983291e-9, 2.5206605960293888e-9, 1.2244884555154268e-9, 5.915502883276246e-10, 2.842464960417231e-10, 1.3587218710922855e-10",WSN
