2.0,"['19', '3', '6', '2', '11', '14', '10', '1', '8']",4.574667870004015,"0, 1, 2, 3, 4, 5, 6, 7, 8, 9, 10, 11, 12, 13, 14, 15, 16, 17, 18, 19, 20, 21, 22, 23, 24, 25, 26, 27, 28, 29, 30, 31, 32, 33, 34, 35, 36, 37, 38, 39, 40","0.06693270421679529, 0.10015294860290941, 0.12203584425797456, 0.12875770737252223, 0.12289517710990742, 0.10890215175175805, 0.09103405867693411, 0.07255318599578124, 0.05555008159597771, 0.0410904466384967, 0.029492790043994896, 0.020611402891395507, 0.014064645753373219, 0.009392467866001822, 0.006150320739894594, 0.0039554275498201175, 0.0025019370590806046, 0.0015583856150306462, 0.0009568656068590706, 0.0005797106904099656, 0.00034683025014876266, 0.0002050643241861189, 0.00011990002353763296, 6.936888502197609e-5, 3.97339706737415e-5, 2.254367776313314e-5, 1.2675013804487118e-5, 7.064987277632022e-6, 3.905506229170655e-6, 2.1418889132442522e-6, 1.165760012513244e-6, 6.298576669226462e-7, 3.37921441586685e-7, 1.8006927895077016e-7, 9.532719506425386e-8, 5.0146782442439854e-8, 2.6218496126770378e-8, 1.3626818859231787e-8, 7.041763248713359e-9, 3.618611311723741e-9, 1.8494598171944281e-9",ARI
9.0,"['8', '5', '9', '6', '10', '2', '3', '12', '4']",4.514269390496876,"0, 1, 2, 3, 4, 5, 6, 7, 8, 9, 10, 11, 12, 13, 14, 15, 16, 17, 18, 19, 20, 21, 22, 23, 24, 25, 26, 27, 28, 29, 30, 31, 32, 33, 34, 35, 36, 37, 38, 39, 40","0.06831151351446504, 0.10178950609195979, 0.12386283702902828, 0.13017981721655486, 0.12367382245593884, 0.10901807332692086, 0.09060880732946834, 0.07177079137579474, 0.05459427063483293, 0.040108853082867144, 0.028584678857067596, 0.019830620065164357, 0.013429874872953758, 0.008899154231567258, 0.005781107522032976, 0.0036878682287599276, 0.00231343138382428, 0.0014288531555995852, 0.0008698296018335295, 0.0005224043970703849, 0.0003097916078929102, 0.00018152970933802456, 0.00010517978733151112, 6.029565763040479e-5, 3.421738362436971e-5, 1.9232264264755642e-5, 1.0711102833117165e-5, 5.913415088408161e-6, 3.2374899769696795e-6, 1.7583150174109695e-6, 9.476405210593622e-7, 5.069663876343798e-7, 2.6929216355590164e-7, 1.4206564720512368e-7, 7.4452495337819e-8, 3.876959020989174e-8, 2.0063903685160275e-8, 1.0321351125942882e-8, 5.278783005632488e-9, 2.6846119429788294e-9, 1.357842686342419e-9",BOS
4.0,"['3', '4', '6', '7', '2', '1', '16', '11', '14']",4.925800430574967,"0, 1, 2, 3, 4, 5, 6, 7, 8, 9, 10, 11, 12, 13, 14, 15, 16, 17, 18, 19, 20, 21, 22, 23, 24, 25, 26, 27, 28, 29, 30, 31, 32, 33, 34, 35, 36, 37, 38, 39, 40","0.05669598087597236, 0.08832582010850787, 0.11162203962816204, 0.1218028477827712, 0.12008035817282936, 0.10980479233792764, 0.09464913951492064, 0.07773875062331678, 0.061308002194995624, 0.04669164134361472, 0.03449199062342134, 0.024801112027058207, 0.017407074956957334, 0.01195349034079541, 0.008046847705891327, 0.005319100749005325, 0.0034573967456585863, 0.0022125527680081627, 0.0013955295258207565, 0.0008683549952550507, 0.0005334993262971618, 0.0003238731222366341, 0.00019440731135353436, 0.00011545441424395595, 6.787460721219369e-5, 3.952023262250723e-5, 2.2800529750361676e-5, 1.3039606243838073e-5, 7.395100719337146e-6, 4.160413812760955e-6, 2.3226442288000408e-6, 1.287101715535724e-6, 7.081867486518549e-7, 3.86989854492085e-7, 2.1007410015740289e-7, 1.1330883883835746e-7, 6.073851139093178e-8, 3.236371815533833e-8, 1.7144547456550153e-8, 9.031117237637202e-9, 4.731237135459037e-9",CHC
3.0,"['4', '7', '2', '9', '5', '6', '1', '3', '15']",3.333312167958851,"0, 1, 2, 3, 4, 5, 6, 7, 8, 9, 10, 11, 12, 13, 14, 15, 16, 17, 18, 19, 20, 21, 22, 23, 24, 25, 26, 27, 28, 29, 30, 31, 32, 33, 34, 35, 36, 37, 38, 39, 40","0.12362128682507413, 0.1522406563924194, 0.16010388238382317, 0.14649012148094814, 0.12167708704431875, 0.09405182732195337, 0.0686894399178854, 0.04788530018497485, 0.032097286272813365, 0.020799530536379368, 0.01308537335046997, 0.008018947226383046, 0.004799815150951307, 0.0028124182679238963, 0.001616214054212819, 0.0009123763807156581, 0.0005066410632596831, 0.0002770729544356158, 0.00014938500070193618, 7.947623513650187e-5, 4.175790293750244e-5, 2.1683387740272733e-5, 1.1134892152176325e-5, 5.658105844538783e-6, 2.8465187691156166e-6, 1.4184867823210104e-6, 7.004828275692104e-7, 3.4293091180399265e-7, 1.665000901312756e-7, 8.019919196458032e-8, 3.833634885167628e-8, 1.8191312782394454e-8, 8.57132453646922e-9, 4.011180152556107e-9, 1.8648284737953045e-9, 8.614764387281697e-10, 3.9552572495728585e-10, 1.805162051738862e-10, 8.191168421919833e-11, 3.696042719318138e-11, 1.6586640056579044e-11",CHW
4.0,"['3', '7', '11', '1', '21', '16', '2', '8', '15']",4.842309301802276,"0, 1, 2, 3, 4, 5, 6, 7, 8, 9, 10, 11, 12, 13, 14, 15, 16, 17, 18, 19, 20, 21, 22, 23, 24, 25, 26, 27, 28, 29, 30, 31, 32, 33, 34, 35, 36, 37, 38, 39, 40","0.05737185154931651, 0.09041166308322378, 0.11407476600467693, 0.12402340894680287, 0.12161545087104486, 0.11047944932598518, 0.09451978681065566, 0.0769964503353385, 0.06018836430150041, 0.045412069288839944, 0.033219386623802, 0.023643593265905354, 0.016420394768305962, 0.011153978597102694, 0.007425277541792709, 0.004852463719348316, 0.003117489661866636, 0.001971440555765527, 0.0012284933513527308, 0.0007550755977797172, 0.0004581496985976503, 0.0002746342839098407, 0.00016275305916874872, 9.541095666846708e-5, 5.536104513417208e-5, 3.1810260561760335e-5, 1.810873421271158e-5, 1.0217640541950544e-5, 5.716411569773234e-6, 3.172210283148429e-6, 1.7466638015112035e-6, 9.545485855874973e-7, 5.179059815842906e-7, 2.790500042075365e-7, 1.4934733400272913e-7, 7.941383347357595e-8, 4.196337787649985e-8, 2.2039750070952377e-8, 1.1507625147934375e-8, 5.974250144568218e-9, 3.0844019575086985e-9",CIN
0.0,"['6', '4', '5', '9', '2', '3', '8', '16', '7']",3.777783079341673,"0, 1, 2, 3, 4, 5, 6, 7, 8, 9, 10, 11, 12, 13, 14, 15, 16, 17, 18, 19, 20, 21, 22, 23, 24, 25, 26, 27, 28, 29, 30, 31, 32, 33, 34, 35, 36, 37, 38, 39, 40","0.10218399048801799, 0.13277993364747256, 0.14579445027242208, 0.1402666174342365, 0.12287947185945222, 0.10040203976997168, 0.07766137545035862, 0.05743541940024591, 0.04090195064037753, 0.028196487367616423, 0.018893241009116293, 0.012344824006750901, 0.00788624334834321, 0.004936314724978028, 0.003032989619182142, 0.001832075157021982, 0.0010894168243061426, 0.0006384413694972159, 0.00036911299105956834, 0.00021071357261494224, 0.00011886686927858058, 6.630832316595191e-5, 3.660038089355744e-5, 2.000131023685645e-5, 1.0827002988245346e-5, 5.808123002071549e-6, 3.0890493255565854e-6, 1.629456729246537e-6, 8.52792633325826e-7, 4.429635379960602e-7, 2.284266174157041e-7, 1.1697686660175956e-7, 5.950305427454372e-8, 3.0072390830567445e-8, 1.5103661410631245e-8, 7.540005885911755e-9, 3.742138614511377e-9, 1.846736435022826e-9, 9.063583812420796e-10, 4.424595156309367e-10, 2.1487704939080092e-10",CLE
7.0,"['18', '8', '9', '13', '2', '5', '1', '3', '4']",3.923961338840541,"0, 1, 2, 3, 4, 5, 6, 7, 8, 9, 10, 11, 12, 13, 14, 15, 16, 17, 18, 19, 20, 21, 22, 23, 24, 25, 26, 27, 28, 29, 30, 31, 32, 33, 34, 35, 36, 37, 38, 39, 40","0.09239883309441171, 0.12498885726398463, 0.1419213998474291, 0.1397907139241784, 0.12483368462173319, 0.1036490005331604, 0.08126511907615895, 0.060793130294436525, 0.04371521730527796, 0.030383597199933526, 0.020498752279865553, 0.013469980128400724, 0.008644677829277244, 0.005430701016170613, 0.003345890990336998, 0.002024956296443909, 0.0012055014991146306, 0.0007067869757706474, 0.00040853868549788725, 0.0002330251959345735, 0.00013126642202308515, 7.308081826960295e-5, 4.0238059364007853e-5, 2.19235820370947e-5, 1.1826591128149127e-5, 6.3196412152786956e-6, 3.3465955879339513e-6, 1.7569865887431589e-6, 9.148504273579618e-7, 4.7260392127258014e-7, 2.4229683027166473e-7, 1.233186040904121e-7, 6.232436811279106e-8, 3.1285647001257906e-8, 1.5602432541001795e-8, 7.732046019501095e-9, 3.808379523317972e-9, 1.8647158782887155e-9, 9.077985701599681e-10, 4.394845337205184e-10, 2.1161353405439963e-10",COL
0.0,"['10', '4', '7', '12', '2', '20', '9', '14', '21']",3.7750991889858576,"0, 1, 2, 3, 4, 5, 6, 7, 8, 9, 10, 11, 12, 13, 14, 15, 16, 17, 18, 19, 20, 21, 22, 23, 24, 25, 26, 27, 28, 29, 30, 31, 32, 33, 34, 35, 36, 37, 38, 39, 40","0.1015774126712324, 0.13171183939191072, 0.14594434910265905, 0.1409149588161163, 0.12364426772275335, 0.10104058277716063, 0.07806736565508009, 0.05760777779126234, 0.040894578629277575, 0.028077972321808604, 0.018723671621051746, 0.012166839088264563, 0.007724860532274349, 0.004802764295903739, 0.002929447698838462, 0.0017557337347781363, 0.0010353756122668102, 0.0006014693568504561, 0.0003445493856591828, 0.00019480725455657628, 0.0001087986567735481, 6.0064586535452314e-5, 3.279965300519341e-5, 1.7726702907663142e-5, 9.486868514891828e-6, 5.029919633063652e-6, 2.6432125710553336e-6, 1.3772381734160922e-6, 7.117883707353812e-7, 3.65009292427965e-7, 1.857817989284692e-7, 9.388008874621652e-8, 4.711190364382349e-8, 2.3484545413032964e-8, 1.163129451697304e-8, 5.724816952708281e-9, 2.8007214027735435e-9, 1.3621797795842268e-9, 6.587664412933233e-10, 3.168345998458394e-10, 1.5156714464952158e-10",DET
2.0,"['4', '5', '9', '2', '8', '12', '7', '1', '10']",5.062569330963296,"0, 1, 2, 3, 4, 5, 6, 7, 8, 9, 10, 11, 12, 13, 14, 15, 16, 17, 18, 19, 20, 21, 22, 23, 24, 25, 26, 27, 28, 29, 30, 31, 32, 33, 34, 35, 36, 37, 38, 39, 40","0.0522894991820586, 0.083501727463863, 0.10760781652889725, 0.11926977565457768, 0.11920979745900838, 0.1103669231939222, 0.09621541511851592, 0.07985360325186254, 0.06358910557134173, 0.04886949284989604, 0.03640902430071849, 0.026390044491172195, 0.018662979798647124, 0.012908097689254659, 0.008748767042552359, 0.005820589115540218, 0.0038067183232689274, 0.002450432213608531, 0.0015542424304178883, 0.0009722955223266938, 0.0006004174203763739, 0.00036628223143016073, 0.0002208938697117668, 0.00013177264432936758, 7.780074884400462e-5, 4.5486233724348846e-5, 2.6346057748096186e-5, 1.5124297415033024e-5, 8.608511444139031e-6, 4.85993109361694e-6, 2.7222326818599136e-6, 1.5133749647542276e-6, 8.352517354624614e-7, 4.5777530305212585e-7, 2.492057727515784e-7, 1.3478265723310804e-7, 7.24390807701394e-8, 3.869560653813818e-8, 2.054856528053294e-8, 1.0849475076276107e-8, 5.696589720284671e-9",HOU
0.0,"['4', '8', '1', '9', '21', '3', '17', '7', '6']",3.799619035791736,"0, 1, 2, 3, 4, 5, 6, 7, 8, 9, 10, 11, 12, 13, 14, 15, 16, 17, 18, 19, 20, 21, 22, 23, 24, 25, 26, 27, 28, 29, 30, 31, 32, 33, 34, 35, 36, 37, 38, 39, 40","0.09564001980752808, 0.130424640107714, 0.1464288088705954, 0.14252909217939036, 0.12555900627954975, 0.10271503948760884, 0.07927428483285423, 0.058334595964415245, 0.04123676920409062, 0.028160916490592686, 0.01865929284783763, 0.01203711137703773, 0.007581191004039712, 0.004672384256755897, 0.002823330411954994, 0.0016753927532194865, 0.0009777158292585092, 0.0005617952215696181, 0.0003181814512093123, 0.00017779122733660687, 9.80947697558726e-5, 5.348157118541453e-5, 2.8831987883936234e-5, 1.537864833968549e-5, 8.12028501216528e-6, 4.246670402376845e-6, 2.2006263899628533e-6, 1.1304307040819638e-6, 5.758458003287198e-7, 2.909945058150042e-7, 1.4592164117594309e-7, 7.26340846010833e-8, 3.589774328464795e-8, 1.762021841402291e-8, 8.591652454695244e-9, 4.162556852301854e-9, 2.0042510150615766e-9, 9.592615856949808e-10, 4.56451042556609e-10, 2.1597220359735785e-10, 1.016290367278595e-10",KCR
1.0,"['6', '7', '9', '5', '8', '10', '3', '13', '15']",4.583502241351804,"0, 1, 2, 3, 4, 5, 6, 7, 8, 9, 10, 11, 12, 13, 14, 15, 16, 17, 18, 19, 20, 21, 22, 23, 24, 25, 26, 27, 28, 29, 30, 31, 32, 33, 34, 35, 36, 37, 38, 39, 40","0.06440402314263378, 0.09815964035469293, 0.12167468341688577, 0.12952501306220907, 0.12427412078357375, 0.11039623798756015, 0.09230295924757508, 0.0734419185083922, 0.056046288411216456, 0.041263344869377765, 0.029441246144241245, 0.02043030996327831, 0.013828612915823995, 0.009151765245607076, 0.0059336644162403624, 0.003775467569733405, 0.0023609212586469474, 0.00145279500137705, 0.0008806826541853927, 0.0005264413984983136, 0.0003105787179422227, 0.00018097550871358435, 0.00010423060017612272, 5.9370334680849456e-5, 3.346482175290664e-5, 1.8675651698623882e-5, 1.0323704980473249e-5, 5.6552901200765816e-6, 3.0711811063147407e-6, 1.6540376844706188e-6, 8.837326343208386e-7, 4.685620581635723e-7, 2.4660932633589796e-7, 1.2887378836855615e-7, 6.688688280506807e-8, 3.448576202036597e-8, 1.7666714869603606e-8, 8.994507523645825e-9, 4.551845790511687e-9, 2.290150825529742e-9, 1.1457243765644727e-9",LAA
8.0,"['8', '2', '1', '5', '9', '6', '3', '7', '4']",5.83499429160328,"0, 1, 2, 3, 4, 5, 6, 7, 8, 9, 10, 11, 12, 13, 14, 15, 16, 17, 18, 19, 20, 21, 22, 23, 24, 25, 26, 27, 28, 29, 30, 31, 32, 33, 34, 35, 36, 37, 38, 39, 40","0.03593582034658899, 0.0628703982982541, 0.08703439404261855, 0.10301655959348843, 0.10959801378787931, 0.10775938045911138, 0.09959580765900554, 0.08751556827504679, 0.07370402168639857, 0.059850216887718063, 0.04707788069325554, 0.03600260626258134, 0.026847434699196218, 0.019569659613414656, 0.013972122729292213, 0.009787965131473083, 0.006737807832448767, 0.004563521128980218, 0.0030445657434370636, 0.0020027413421204758, 0.00130011060328148, 0.0008335513313600579, 0.0005281854303792944, 0.0003309923505377453, 0.00020524677796341322, 0.00012600509057916377, 7.662316504174775e-5, 4.617230393274437e-5, 2.7582028005089717e-5, 1.6340071756249366e-5, 9.603121464391052e-6, 5.600645637974914e-6, 3.242332290685767e-6, 1.8637524984508855e-6, 1.0639950862118657e-6, 6.034115673938342e-7, 3.400207858960416e-7, 1.9041631538631712e-7, 1.0599687953668067e-7, 5.8661130679624337e-8, 3.2281197294310316e-8",LAD
3.0,"['3', '5', '11', '7', '9', '16', '6', '12', '4']",4.013427708794016,"0, 1, 2, 3, 4, 5, 6, 7, 8, 9, 10, 11, 12, 13, 14, 15, 16, 17, 18, 19, 20, 21, 22, 23, 24, 25, 26, 27, 28, 29, 30, 31, 32, 33, 34, 35, 36, 37, 38, 39, 40","0.0902881209044, 0.12172257122427088, 0.1387241927843222, 0.13762531608027245, 0.12399187970837168, 0.10398847885136378, 0.0824304725525367, 0.062391843300826234, 0.04542203939074379, 0.03197897357322976, 0.021864731849030993, 0.014566364541473949, 0.009481070832562078, 0.006042685083345998, 0.003778151531995823, 0.0023210992932513113, 0.0014030198060598377, 0.0008354142793463844, 0.0004905192409101188, 0.00028426354530651016, 0.0001627225432037759, 9.207647200715456e-5, 5.153523078018063e-5, 2.8547449878330335e-5, 1.5659104506309765e-5, 8.509629758988584e-6, 4.583409143949646e-6, 2.44779056901276e-6, 1.2966621738715246e-6, 6.815425366071581e-7, 3.5555587426943393e-7, 1.8416053173439318e-7, 9.472725474495414e-8, 4.840058793003972e-8, 2.4571050896818697e-8, 1.2396170638777991e-8, 6.216260391067963e-9, 3.099061212869471e-9, 1.5362670318812996e-9, 7.573740541240067e-10, 3.7138853610631895e-10",MIA
0.0,"['6', '9', '4', '2', '1', '21', '19', '5', '3']",4.3293498433219035,"0, 1, 2, 3, 4, 5, 6, 7, 8, 9, 10, 11, 12, 13, 14, 15, 16, 17, 18, 19, 20, 21, 22, 23, 24, 25, 26, 27, 28, 29, 30, 31, 32, 33, 34, 35, 36, 37, 38, 39, 40","0.0784121421712998, 0.10978783616111736, 0.12899232874127445, 0.13208515396296305, 0.12283420656749384, 0.10634711167919148, 0.08703606562365061, 0.06802478253839013, 0.05114333355234459, 0.0371897307520556, 0.02626573611198095, 0.01807723717944135, 0.012156824391102342, 0.008006062611059338, 0.005172936982521677, 0.0032844383847139796, 0.0020520123308851133, 0.0012630033754319708, 0.0007666222494391373, 0.00045930831499035185, 0.0002718456824739966, 0.00015905511845690402, 9.205743918747098e-5, 5.273610874079798e-5, 2.9917350769702497e-5, 1.681553258877851e-5, 9.368275640481181e-6, 5.175385738475816e-6, 2.836077971542174e-6, 1.542167924499342e-6, 8.323722108552466e-7, 4.460669834474556e-7, 2.3740739485927371e-7, 1.2551824939165496e-7, 6.593823533838761e-8, 3.4425333436105325e-8, 1.786552513965261e-8, 9.217878844302134e-9, 4.7293278614594715e-9, 2.4131926472916114e-9, 1.2248285640977717e-9",MIL
2.0,"['8', '4', '9', '16', '17', '18', '6', '1', '7']",4.947815851270851,"0, 1, 2, 3, 4, 5, 6, 7, 8, 9, 10, 11, 12, 13, 14, 15, 16, 17, 18, 19, 20, 21, 22, 23, 24, 25, 26, 27, 28, 29, 30, 31, 32, 33, 34, 35, 36, 37, 38, 39, 40","0.05461884104185971, 0.08647170032434029, 0.11077862732103845, 0.12185076124033833, 0.12077565963141226, 0.11082309004555715, 0.09570808514554953, 0.078655392757792, 0.061999201775565255, 0.04714842521054727, 0.03474839852771605, 0.024908298365811758, 0.0174162407130842, 0.01190706088948121, 0.007975619911128776, 0.0052429079490786115, 0.0033873609807595637, 0.0021536808891959936, 0.0013490002675779454, 0.0008332525555864442, 0.0005079847257860156, 0.00030589279407714664, 0.00018206775688784353, 0.00010717988491544207, 6.243895403155563e-5, 3.6014981032973944e-5, 2.057784976558475e-5, 1.1651788218897989e-5, 6.540822064640179e-6, 3.6414727507387756e-6, 2.0112796615511376e-6, 1.102435878769599e-6, 5.998528263456588e-7, 3.2408783864783433e-7, 1.73906393949255e-7, 9.270517892402183e-8, 4.910461004512843e-8, 2.5849876796080163e-8, 1.352680358520483e-8, 7.0373610822693916e-9, 3.6406186128534476e-9",MIN
5.0,"['7', '8', '4', '2', '3', '6', '9', '16', '13']",4.39402985886149,"0, 1, 2, 3, 4, 5, 6, 7, 8, 9, 10, 11, 12, 13, 14, 15, 16, 17, 18, 19, 20, 21, 22, 23, 24, 25, 26, 27, 28, 29, 30, 31, 32, 33, 34, 35, 36, 37, 38, 39, 40","0.07158370564719022, 0.10549621099068174, 0.1274418680793661, 0.13277983230384618, 0.12491037778632622, 0.10893581010312099, 0.08950832379788141, 0.0700431212406972, 0.05260437448536693, 0.03813536749109661, 0.026804610072219282, 0.018331299322300525, 0.012232531198854115, 0.007983615024217721, 0.005106206485039792, 0.003205817738171329, 0.001978538006780579, 0.001201864952873118, 0.0007193586784381075, 0.0004246495128625223, 0.0002474463306585581, 0.00014243837715418282, 8.105222430201061e-5, 4.5620730859982974e-5, 2.5413306033643487e-5, 1.401786226640242e-5, 7.659940684245897e-6, 4.148356757408513e-6, 2.2274245630850687e-6, 1.1862109183971396e-6, 6.26753384723042e-7, 3.2865515860431787e-7, 1.710868770235864e-7, 8.843825977596496e-8, 4.540647403259653e-8, 2.3160564448962844e-8, 1.173889956535011e-8, 5.913432590781218e-9, 2.961198873385133e-9, 1.4743064778418032e-9, 7.299148977452856e-10",NYM
5.0,"['5', '8', '2', '9', '16', '3', '6', '13', '4']",4.270566152632556,"0, 1, 2, 3, 4, 5, 6, 7, 8, 9, 10, 11, 12, 13, 14, 15, 16, 17, 18, 19, 20, 21, 22, 23, 24, 25, 26, 27, 28, 29, 30, 31, 32, 33, 34, 35, 36, 37, 38, 39, 40","0.07594003607213716, 0.1099983096915313, 0.13128194748327063, 0.13510506432083616, 0.12555391656121745, 0.10817304182338792, 0.08780764819148373, 0.06788129769633806, 0.05036313429894194, 0.03606723466695743, 0.025042321294724376, 0.016917015395719208, 0.011150567055657408, 0.007188111722558577, 0.004540802792434468, 0.0028156366968245497, 0.0017162096112322272, 0.0010295668668546813, 0.0006085585414067512, 0.00035475683570050334, 0.00020413147111454684, 0.00011603007508313208, 6.519423658615083e-5, 3.623210933422731e-5, 1.9928121891037014e-5, 1.0852950868097309e-5, 5.855171841664528e-6, 3.130590002946476e-6, 1.6594988316896807e-6, 8.724650475057001e-7, 4.5507568758429703e-7, 2.3556849403263107e-7, 1.2105216597247382e-7, 6.17681791836513e-8, 3.130409028307408e-8, 1.5760914543014565e-8, 7.884954787610407e-9, 3.920503998502998e-9, 1.937721862124733e-9, 9.521924308187927e-10, 4.652796140811195e-10",NYY
2.0,"['6', '20', '13', '10', '18', '8', '5', '1', '7']",3.635017313109756,"0, 1, 2, 3, 4, 5, 6, 7, 8, 9, 10, 11, 12, 13, 14, 15, 16, 17, 18, 19, 20, 21, 22, 23, 24, 25, 26, 27, 28, 29, 30, 31, 32, 33, 34, 35, 36, 37, 38, 39, 40","0.1064143034875491, 0.13795004460572907, 0.15081614600355145, 0.14355811853308115, 0.12396890317213952, 0.09958130518130345, 0.07556071020237005, 0.05471704989676391, 0.03809266711659771, 0.025634870224238236, 0.016746734368580894, 0.010656072174901431, 0.0066223967344550575, 0.004028664407960579, 0.0024035535004509456, 0.0014086038303261052, 0.0008120144425744836, 0.0004609955085671811, 0.00025801271961489036, 0.00014249407620883303, 7.771747784494505e-5, 4.189129868363915e-5, 2.2330395211526792e-5, 1.1778583726689975e-5, 6.151006899966502e-6, 3.1817553177573497e-6, 1.630977434980727e-6, 8.288313611438071e-7, 4.177183699923229e-7, 2.0885720266238053e-7, 1.0363385484760094e-7, 5.1046702879481706e-8, 2.4966970660700997e-8, 1.2128469671401104e-8, 5.853160906011017e-9, 2.806820401293018e-9, 1.3377273615627687e-9, 6.337716380919886e-10, 2.9853023340694285e-10, 1.3983229198913793e-10, 6.514170785496985e-11",OAK
7.0,"['4', '6', '1', '16', '8', '3', '5', '11', '7']",5.032487278192839,"0, 1, 2, 3, 4, 5, 6, 7, 8, 9, 10, 11, 12, 13, 14, 15, 16, 17, 18, 19, 20, 21, 22, 23, 24, 25, 26, 27, 28, 29, 30, 31, 32, 33, 34, 35, 36, 37, 38, 39, 40","0.05182207431896669, 0.08391275724317876, 0.10843576789331325, 0.1202732553188117, 0.12011568701722897, 0.110996469470502, 0.09650404517914889, 0.07982619617681662, 0.06332161686508933, 0.04845396367532176, 0.03592968326757024, 0.025911283164614798, 0.018226468036573178, 0.012535406559391416, 0.00844638571641801, 0.00558523744224407, 0.003629835791633911, 0.002321444917396865, 0.0014626416424323527, 0.0009087623795249591, 0.0005572786064237205, 0.0003375517444878632, 0.00020209513310987909, 0.00011967153608697075, 7.012803767310745e-5, 4.068946963721981e-5, 2.3386558131801812e-5, 1.3320835383356336e-5, 7.522273946553616e-6, 4.212863671238353e-6, 2.3407881244561135e-6, 1.2907382564688233e-6, 7.06530206878266e-7, 3.840218805807293e-7, 2.0731085476085126e-7, 1.1118079679731171e-7, 5.924795289371074e-8, 3.137912359190191e-8, 1.6520175234335987e-8, 8.647134959458647e-9, 4.500763932683137e-9",PHI
5.0,"['23', '6', '9', '2', '24', '5', '7', '3', '1']",4.200026579111645,"0, 1, 2, 3, 4, 5, 6, 7, 8, 9, 10, 11, 12, 13, 14, 15, 16, 17, 18, 19, 20, 21, 22, 23, 24, 25, 26, 27, 28, 29, 30, 31, 32, 33, 34, 35, 36, 37, 38, 39, 40","0.08182237137330083, 0.11423643553525062, 0.13317206913141608, 0.13492782071715723, 0.1239975969072115, 0.10599230131049274, 0.08558446256505144, 0.06595717617716247, 0.04887394197849619, 0.03501303182784845, 0.024353578247756254, 0.01650206000560523, 0.010922954843489872, 0.00707857448063557, 0.004499598133904276, 0.0028100798557189996, 0.0017265413200989292, 0.0010448781719084135, 0.0006235004578601243, 0.0003671881950821578, 0.00021358705920019496, 0.0001228035852023655, 6.983603853958466e-5, 3.930389228009421e-5, 2.1903307201712606e-5, 1.209236694778129e-5, 6.616554487335239e-6, 3.589601060298753e-6, 1.9315886097043794e-6, 1.0312996553452941e-6, 5.46503641027357e-7, 2.8751803032445636e-7, 1.5021648255696805e-7, 7.795767276283454e-8, 4.019663093998731e-8, 2.0596993430451133e-8, 1.0490326962018366e-8, 5.311622083543856e-9, 2.67420674383949e-9, 1.3389501292357087e-9, 6.668113550378306e-10",PIT
2.0,"['7', '6', '5', '4', '2', '9', '12', '3', '25']",5.14963618178947,"0, 1, 2, 3, 4, 5, 6, 7, 8, 9, 10, 11, 12, 13, 14, 15, 16, 17, 18, 19, 20, 21, 22, 23, 24, 25, 26, 27, 28, 29, 30, 31, 32, 33, 34, 35, 36, 37, 38, 39, 40","0.05156949750182164, 0.08178516271104681, 0.10529797614229174, 0.11703772802497886, 0.11752098411946103, 0.10945367792359276, 0.09609094959234177, 0.08038089447012649, 0.06456186502790179, 0.05007684063868211, 0.03767480415512585, 0.027588977612563726, 0.01972055965573854, 0.013791606658959194, 0.009455198830933065, 0.006365114508283267, 0.004213460826564747, 0.0027460215847255236, 0.0017638795338517186, 0.0011177532814740548, 0.0006993596739832109, 0.0004323735448886661, 0.0002643101186882002, 0.00015985577455240592, 9.570649087319225e-5, 5.675048234196281e-5, 3.3343469817609786e-5, 1.941985362670167e-5, 1.121607898771957e-5, 6.426120858135587e-6, 3.6535106399602914e-6, 2.0618441454820183e-6, 1.155329909016989e-6, 6.429438524135143e-7, 3.5543585555001667e-7, 1.9523954598681806e-7, 1.0658189805334712e-7, 5.7835309284922326e-8, 3.120154296008839e-8, 1.6738131356479063e-8, 8.930087486777588e-9",SDP
3.0,"['7', '3', '2', '8', '1', '5', '6', '20', '4']",4.511884066783257,"0, 1, 2, 3, 4, 5, 6, 7, 8, 9, 10, 11, 12, 13, 14, 15, 16, 17, 18, 19, 20, 21, 22, 23, 24, 25, 26, 27, 28, 29, 30, 31, 32, 33, 34, 35, 36, 37, 38, 39, 40","0.06796459506149181, 0.10146973959898241, 0.1238428299644773, 0.13039714927110813, 0.12400192927810438, 0.10934400536049013, 0.0908605190203566, 0.07192049817096596, 0.05464707678781683, 0.040087423194620074, 0.02851657265246717, 0.019740444897786494, 0.013335836656236447, 0.008812613445886557, 0.0057077185761007215, 0.0036292516800084224, 0.0022687634410137342, 0.001396102139465873, 0.0008465872352957074, 0.0005063695689151229, 0.00029900120321763024, 0.0001744280821651937, 0.00010059877571339804, 5.739415996172639e-5, 3.2410239777581745e-5, 1.8124038516617912e-5, 1.0041205844265957e-5, 5.513885183032844e-6, 3.0021917332500244e-6, 1.6213717039462186e-6, 8.688262114934942e-7, 4.620845277919197e-7, 2.4398916557273567e-7, 1.2793635982657797e-7, 6.663426804143144e-8, 3.448102570120167e-8, 1.7731023911635746e-8, 9.062432567035585e-9, 4.60462092468223e-9, 2.3262526889342614e-9, 1.1687052525623027e-9",SEA
0.0,"['2', '8', '10', '9', '11', '3', '4', '12', '27']",3.93843595309714,"0, 1, 2, 3, 4, 5, 6, 7, 8, 9, 10, 11, 12, 13, 14, 15, 16, 17, 18, 19, 20, 21, 22, 23, 24, 25, 26, 27, 28, 29, 30, 31, 32, 33, 34, 35, 36, 37, 38, 39, 40","0.09465436866465218, 0.12461495904611718, 0.14074485166367573, 0.13839720770572106, 0.12368519972421217, 0.10295266348919516, 0.08102517846941582, 0.060904417961034185, 0.044041066891585406, 0.030802676691586466, 0.020924244268044113, 0.013850881268378502, 0.008958504458369248, 0.005673947602047932, 0.003525596472571627, 0.0021525916909381545, 0.0012931836005728996, 0.0007653109018390202, 0.0004466226083553287, 0.0002572537424378877, 0.00014636924340363712, 8.232215495554005e-5, 4.5797469847848455e-5, 2.5215996818019195e-5, 1.3748295274086375e-5, 7.426197687308852e-6, 3.9757462607224086e-6, 2.1104654037405566e-6, 1.1112303933878548e-6, 5.805538559710908e-7, 3.010428917792432e-7, 1.5498386907053151e-7, 7.923782674464306e-8, 4.024148420604548e-8, 2.0305364287288333e-8, 1.0182071671886744e-8, 5.075012582138403e-9, 2.5147517262948553e-9, 1.2390430085389332e-9, 6.071310658760369e-10, 2.959037909107442e-10",SFG
9.0,"['11', '7', '2', '5', '1', '6', '3', '8', '10']",4.746844156911056,"0, 1, 2, 3, 4, 5, 6, 7, 8, 9, 10, 11, 12, 13, 14, 15, 16, 17, 18, 19, 20, 21, 22, 23, 24, 25, 26, 27, 28, 29, 30, 31, 32, 33, 34, 35, 36, 37, 38, 39, 40","0.06224438290863445, 0.09399943201728785, 0.11670835281641903, 0.12522940825867263, 0.12151027772242363, 0.10942495032015642, 0.0929267901820342, 0.07521711464969873, 0.058471601450918925, 0.04390233642004329, 0.031977436803775225, 0.02267347074465244, 0.015693860281348313, 0.010628808606519952, 0.007057075018926602, 0.0046011358532643265, 0.0029499801985105713, 0.001862167356135604, 0.0011585877400806834, 0.0007111472808249455, 0.00043099694684046167, 0.00025810563459193804, 0.00015283411673670341, 8.953754570789111e-5, 5.192658483405795e-5, 2.982563639813008e-5, 1.6974708527992178e-5, 9.576521756615048e-6, 5.357616689915624e-6, 2.9733510056397363e-6, 1.6374648835257144e-6, 8.951155344636039e-7, 4.858340950992285e-7, 2.618849919392336e-7, 1.4023328650205479e-7, 7.461164013105422e-8, 3.945187914287121e-8, 2.0735724778953716e-8, 1.0835290905537181e-8, 5.629972107939309e-9, 2.9092843737590627e-9",STL
4.0,"['2', '4', '5', '6', '9', '12', '8', '1', '7']",5.134383419163443,"0, 1, 2, 3, 4, 5, 6, 7, 8, 9, 10, 11, 12, 13, 14, 15, 16, 17, 18, 19, 20, 21, 22, 23, 24, 25, 26, 27, 28, 29, 30, 31, 32, 33, 34, 35, 36, 37, 38, 39, 40","0.04871881483954043, 0.08060357077730218, 0.10548529139045915, 0.1182936860531644, 0.11930218795520796, 0.11123584861201491, 0.09751914564740156, 0.08129744037344981, 0.06496618673101788, 0.050062612111904596, 0.03737252184924747, 0.027125965736528944, 0.019199577520456874, 0.013283935357166625, 0.009002717483107209, 0.005986616458000057, 0.003911946917484697, 0.00251515730592935, 0.0015928868222795164, 0.000994674964754765, 0.0006129632881443774, 0.00037306492004060137, 0.00022440659979103725, 0.00013349433374895315, 7.858050790738688e-5, 4.5794954926603777e-5, 2.6434905098565125e-5, 1.5121124171135677e-5, 8.574525177017096e-6, 4.821869838926712e-6, 2.689971779973166e-6, 1.4891663318342688e-6, 8.183298843459378e-7, 4.4649934968865796e-7, 2.4195234271664503e-7, 1.302438976985375e-7, 6.966244631990369e-8, 3.702907962453712e-8, 1.9564709821348533e-8, 1.027704992462643e-8, 5.367865085246523e-9",TBR
11.0,"['3', '4', '2', '8', '5', '1', '11', '14', '12']",5.534564517029982,"0, 1, 2, 3, 4, 5, 6, 7, 8, 9, 10, 11, 12, 13, 14, 15, 16, 17, 18, 19, 20, 21, 22, 23, 24, 25, 26, 27, 28, 29, 30, 31, 32, 33, 34, 35, 36, 37, 38, 39, 40","0.041872384780198335, 0.07040721361272691, 0.09475987083765113, 0.1093148552878096, 0.11354483980398979, 0.10912933218356342, 0.0986846256616957, 0.08490535362049538, 0.07005606104000026, 0.055763228347855874, 0.04301490505792159, 0.03227187847633848, 0.023617320078368288, 0.01689982943303926, 0.011848229705258766, 0.008152398999452684, 0.0055133328256434366, 0.003669364612985591, 0.0024060078650068014, 0.0015558115401477055, 0.0009929948869968651, 0.0006260412908515699, 0.0003901448901442552, 0.0002404846426510746, 0.00014670099131507014, 8.861070911821671e-5, 5.3021344881836664e-5, 3.144220811875613e-5, 1.8486055483144797e-5, 1.0779581629243242e-5, 6.236362436263294e-6, 3.580692309577172e-6, 2.040955192068309e-6, 1.1551714869039846e-6, 6.494020304211247e-7, 3.6268982391609823e-7, 2.0128218676624e-7, 1.1102254295130824e-7, 6.087442948115807e-8, 3.318589119111227e-8, 1.7990331401121866e-8",TEX
10.0,"['8', '4', '2', '6', '1', '9', '5', '3', '7']",4.679294385313025,"0, 1, 2, 3, 4, 5, 6, 7, 8, 9, 10, 11, 12, 13, 14, 15, 16, 17, 18, 19, 20, 21, 22, 23, 24, 25, 26, 27, 28, 29, 30, 31, 32, 33, 34, 35, 36, 37, 38, 39, 40","0.06489151078586726, 0.0966396867782738, 0.11874671528212483, 0.12633465528897836, 0.12168244915244197, 0.10886768584927967, 0.09191494299616906, 0.07400654190602256, 0.05725547210336131, 0.04280178728019526, 0.03105154066559439, 0.02193659145071328, 0.015133013412945694, 0.010217538446250361, 0.006764948578336149, 0.004399331793608057, 0.002813969451877098, 0.001772507599839538, 0.0011006581483100938, 0.0006743996317048456, 0.00040807683871448773, 0.00024403212594663993, 0.000144317724518055, 8.445377575769774e-5, 4.893050842179684e-5, 2.8081118243939743e-5, 1.5970467572909543e-5, 9.004655014179762e-6, 5.03530553535928e-6, 2.79346956259475e-6, 1.5380124355511654e-6, 8.406234842486702e-7, 4.5623389229270276e-7, 2.459393547855078e-7, 1.317120158434835e-7, 7.009307228229295e-8, 3.7073725337196094e-8, 1.9493153297596705e-8, 1.0190622447987329e-8, 5.2977958095234395e-9, 2.7392665420949144e-9",TOR
2.0,"['8', '9', '5', '2', '1', '7', '3', '14', '4']",3.8214329091980823,"0, 1, 2, 3, 4, 5, 6, 7, 8, 9, 10, 11, 12, 13, 14, 15, 16, 17, 18, 19, 20, 21, 22, 23, 24, 25, 26, 27, 28, 29, 30, 31, 32, 33, 34, 35, 36, 37, 38, 39, 40","0.09829212741788076, 0.1301180249578198, 0.14484640241935076, 0.14059573947177387, 0.12396519086052646, 0.10176794499899368, 0.0789798078550187, 0.0585370860010915, 0.04173575134207784, 0.028780656737169306, 0.01927638099176722, 0.012581245506479575, 0.00802348495772567, 0.005010806002338705, 0.0030701878291333647, 0.001848505582459466, 0.0010951250530074228, 0.0006391520388273098, 0.0003678650555369186, 0.00020898263011131526, 0.00011727846214027884, 6.506156214150826e-5, 3.570326722480073e-5, 1.9391906190636504e-5, 1.043013932209677e-5, 5.558063543029226e-6, 2.9356880326371813e-6, 1.5375241162384365e-6, 7.987633390083709e-7, 4.1176016082765556e-7, 2.1068571024946395e-7, 1.070322813216819e-7, 5.400061303935576e-8, 2.706411453491514e-8, 1.3477201942028994e-8, 6.669744699593952e-9, 3.281019871509624e-9, 1.6046476071816668e-9, 7.803644686769742e-10, 3.7742740051242806e-10, 1.8157425857292182e-10",WSN
