2.0,"['19', '3', '6', '2', '11', '14', '10', '1', '8']",4.330048126835313,"0, 1, 2, 3, 4, 5, 6, 7, 8, 9, 10, 11, 12, 13, 14, 15, 16, 17, 18, 19, 20, 21, 22, 23, 24, 25, 26, 27, 28, 29, 30, 31, 32, 33, 34, 35, 36, 37, 38, 39, 40","0.07859165258644178, 0.10897824257850723, 0.12889910425128553, 0.1321722343904193, 0.12303575502578737, 0.10658106713644408, 0.08723914599278029, 0.0681677934379812, 0.05122292693274941, 0.03721698372345084, 0.026256860516832143, 0.01804775165443964, 0.012118822977548868, 0.007967595012215825, 0.0051385238686561365, 0.0032560086718257946, 0.002029843903868545, 0.0012464777564180046, 0.0007547472259419613, 0.0004510352387376234, 0.00026623401755131144, 0.00015533709977636316, 8.964517782303305e-5, 5.120034793370897e-5, 2.8956299486770905e-5, 1.6223554581900785e-5, 9.008918139558497e-6, 4.960176476863962e-6, 2.708815595165314e-6, 1.4677995914145481e-6, 7.893958896804445e-7, 4.214919340660329e-7, 2.2349422537026544e-7, 1.1771558964557144e-7, 6.160171093237969e-8, 3.2035855420318474e-8, 1.655968431420452e-8, 8.509845985433889e-9, 4.3483231516189404e-9, 2.209653485832922e-9, 1.116853469200857e-9",ARI
9.0,"['8', '5', '9', '6', '10', '2', '3', '12', '4']",4.347456784969829,"0, 1, 2, 3, 4, 5, 6, 7, 8, 9, 10, 11, 12, 13, 14, 15, 16, 17, 18, 19, 20, 21, 22, 23, 24, 25, 26, 27, 28, 29, 30, 31, 32, 33, 34, 35, 36, 37, 38, 39, 40","0.0762928967146919, 0.10786910799142924, 0.12859848019338171, 0.13251865015880687, 0.12374146473010789, 0.10738340818222387, 0.08796331915815832, 0.06873042093315182, 0.05160838450955298, 0.03744841918704261, 0.0263727297113777, 0.018086928547155764, 0.01211328183043226, 0.007940274407942042, 0.005104049301800179, 0.003222578599571445, 0.00200126931507604, 0.0012238962369569442, 0.0007378680034052553, 0.00043894628052853655, 0.0002578700054188907, 0.0001497155221484953, 8.595989894035105e-5, 4.88367216973425e-5, 2.7469624079083764e-5, 1.5304773565465964e-5, 8.450129212455787e-6, 4.6252950608432025e-6, 2.5108346685461467e-6, 1.3522261115753881e-6, 7.227221997900105e-7, 3.8345313578600915e-7, 2.0201824606192705e-7, 1.0571008701383791e-7, 5.495310870034791e-8, 2.8386615530497378e-8, 1.4573694472297426e-8, 7.437788038715075e-9, 3.774106352287138e-9, 1.9043813780797022e-9, 9.557228561155944e-10",BOS
4.0,"['3', '4', '6', '7', '2', '1', '16', '11', '14']",4.7173239307900685,"0, 1, 2, 3, 4, 5, 6, 7, 8, 9, 10, 11, 12, 13, 14, 15, 16, 17, 18, 19, 20, 21, 22, 23, 24, 25, 26, 27, 28, 29, 30, 31, 32, 33, 34, 35, 36, 37, 38, 39, 40","0.0648558095740066, 0.09515373177883002, 0.1174522612958288, 0.12527812644645014, 0.1210622746642562, 0.10871157644008651, 0.0921405657775804, 0.07448766937229809, 0.057866023392740294, 0.043440130964486685, 0.03164873765244968, 0.022454403823684892, 0.015557055662656727, 0.010549328443965509, 0.007014937326120654, 0.004581723304313826, 0.0029433692654149335, 0.0018620688294924046, 0.0011612888083525634, 0.0007146317016391491, 0.0004342904894597016, 0.0002608281296923612, 0.0001549142135916452, 9.104363884961647e-5, 5.297410353617e-5, 3.053133536992831e-5, 1.7437753652890233e-5, 9.873595256841458e-6, 5.544509685749418e-6, 3.088901215593699e-6, 1.7077973400720559e-6, 9.373203942843441e-7, 5.108316881594823e-7, 2.7651313712692315e-7, 1.4869774015070922e-7, 7.945827795837377e-8, 4.219969327714572e-8, 2.2279128772522587e-8, 1.1694562567835541e-8, 6.104356380192505e-9, 3.1690908692527844e-9",CHC
3.0,"['4', '7', '2', '9', '5', '6', '1', '3', '15']",3.230956046439583,"0, 1, 2, 3, 4, 5, 6, 7, 8, 9, 10, 11, 12, 13, 14, 15, 16, 17, 18, 19, 20, 21, 22, 23, 24, 25, 26, 27, 28, 29, 30, 31, 32, 33, 34, 35, 36, 37, 38, 39, 40","0.132572033256028, 0.15674284658911902, 0.16239523690857502, 0.14629408983379327, 0.11986238803331638, 0.0914977029261168, 0.06604804096552847, 0.0455384363004974, 0.030204762627211813, 0.019376643829621083, 0.012072218060156872, 0.007328755985830233, 0.004346784186398167, 0.002524404230403614, 0.0014381580572992497, 0.0008049971162351644, 0.0004433114851264806, 0.00024046945534192876, 0.00012861538293099328, 6.788926856820607e-5, 3.539433006326056e-5, 1.8239064798506414e-5, 9.29581518848544e-6, 4.688576290610224e-6, 2.341488015766174e-6, 1.1583717758881987e-6, 5.679360779630148e-7, 2.7607060193664e-7, 1.330974842535815e-7, 6.36642542984955e-8, 3.022271361338638e-8, 1.4243246402333827e-8, 6.665594347624839e-9, 3.0983575031124884e-9, 1.4308294162690763e-9, 6.566017363970673e-10, 2.994759799734813e-10, 1.3578446479413548e-10, 6.121296957285591e-11, 2.7441919976205685e-11, 1.2235768885639742e-11",CHW
4.0,"['3', '7', '11', '1', '21', '16', '2', '8', '15']",4.565997971675367,"0, 1, 2, 3, 4, 5, 6, 7, 8, 9, 10, 11, 12, 13, 14, 15, 16, 17, 18, 19, 20, 21, 22, 23, 24, 25, 26, 27, 28, 29, 30, 31, 32, 33, 34, 35, 36, 37, 38, 39, 40","0.06853477223355109, 0.09986455088760537, 0.12197829039909559, 0.12857529224760644, 0.12268351600342423, 0.10871243001142844, 0.09087986602329366, 0.07243344741031989, 0.05545839770071548, 0.041019871043880565, 0.029437760988601427, 0.020568039805997168, 0.014030377037719874, 0.0093655437548945, 0.006129439310001833, 0.003939516699775728, 0.002490057523367138, 0.001549703851315555, 0.0009506557187882716, 0.000575361074345975, 0.00034384435698018277, 0.00020305344940585782, 0.00011857009925987809, 6.850423818804277e-5, 3.9180816507344316e-5, 2.219513940048873e-5, 1.2458531921939595e-5, 6.932338023772073e-6, 3.825261468287197e-6, 2.0939322431388153e-6, 1.1374284771884453e-6, 6.133027621791841e-7, 3.283484899883068e-7, 1.7458856744556743e-7, 9.22191087665351e-8, 4.8400185305086345e-8, 2.5245522222190165e-8, 1.3089327371453394e-8, 6.747221969453802e-9, 3.458450155343973e-9, 1.7630172090216755e-9",CIN
0.0,"['6', '4', '5', '9', '2', '3', '8', '16', '7']",3.5682269250008707,"0, 1, 2, 3, 4, 5, 6, 7, 8, 9, 10, 11, 12, 13, 14, 15, 16, 17, 18, 19, 20, 21, 22, 23, 24, 25, 26, 27, 28, 29, 30, 31, 32, 33, 34, 35, 36, 37, 38, 39, 40","0.11833878832797766, 0.141067753265793, 0.15060577349497956, 0.14089083186606144, 0.12046056571388815, 0.09630190348168277, 0.07300975258493114, 0.052992714683731054, 0.03707663972136144, 0.025133178226584195, 0.016571800102063623, 0.010661716619660493, 0.006710011599041261, 0.0041397074924805835, 0.002508018419385931, 0.0014943620846940915, 0.0008768046152903638, 0.0005071723298779628, 0.00028949252903064327, 0.00016320050198421958, 9.093671328486852e-5, 5.01171723690649e-5, 2.7335534756118725e-5, 1.4763898984862905e-5, 7.8999271099091e-6, 4.1897602373437986e-6, 2.2033256720984228e-6, 1.149356706425213e-6, 5.949322323256187e-7, 3.0567121819123916e-7, 1.559348131867533e-7, 7.900427189254517e-8, 3.97636114930584e-8, 1.9886108867284024e-8, 9.884084849256562e-9, 4.88352351227252e-9, 2.39895409655396e-9, 1.1718682335341573e-9, 5.693447305994402e-10, 2.751557210932064e-10, 1.3229744490141278e-10",CLE
7.0,"['18', '8', '9', '13', '2', '5', '1', '3', '4']",3.8210571966631544,"0, 1, 2, 3, 4, 5, 6, 7, 8, 9, 10, 11, 12, 13, 14, 15, 16, 17, 18, 19, 20, 21, 22, 23, 24, 25, 26, 27, 28, 29, 30, 31, 32, 33, 34, 35, 36, 37, 38, 39, 40","0.09905199825475722, 0.12915970456265594, 0.14468145400385843, 0.14058985295486012, 0.12406797689720599, 0.10191053312996097, 0.07910734160551765, 0.058624929786843555, 0.04178123019696571, 0.028792391350239335, 0.019266299264665433, 0.012560069007418004, 0.007998966457561546, 0.004987625765599164, 0.00305059840898087, 0.0018331492977843827, 0.001083740142225849, 0.0006310753263032645, 0.00036233956448434624, 0.00020531720327948098, 0.00011491107412945866, 6.356816941118843e-5, 3.478086927157398e-5, 1.883294297271912e-5, 1.0097250072367873e-5, 5.362953145903485e-6, 2.823007274843959e-6, 1.47333519221955e-6, 7.626635333287295e-7, 3.917001887104784e-7, 1.9966414986141037e-7, 1.0104104514507764e-7, 5.077660986223741e-8, 2.534580633087432e-8, 1.2569729743760817e-8, 6.194656505803071e-9, 3.0343648572037986e-9, 1.4776098847258393e-9, 7.154349147089725e-10, 3.4448554162922155e-10, 1.6497957503457178e-10",COL
0.0,"['10', '4', '7', '12', '2', '20', '9', '14', '21']",3.6689452535315272,"0, 1, 2, 3, 4, 5, 6, 7, 8, 9, 10, 11, 12, 13, 14, 15, 16, 17, 18, 19, 20, 21, 22, 23, 24, 25, 26, 27, 28, 29, 30, 31, 32, 33, 34, 35, 36, 37, 38, 39, 40","0.10907607082227401, 0.13601960984773165, 0.1486588580771809, 0.14149484846727692, 0.12260931439165196, 0.0990622537263645, 0.07573407153379626, 0.055332628619348706, 0.038909975771803974, 0.02647494821549191, 0.017501924205573866, 0.011277890397851958, 0.007102466885065233, 0.004381047538196681, 0.0026517292271308834, 0.0015773869322969008, 0.000923390388481347, 0.0005325664743091425, 0.0003029312413081054, 0.00017009219718398653, 9.43494885925344e-5, 5.173893637057262e-5, 2.8066870209094933e-5, 1.5070169661158923e-5, 8.013373987736571e-6, 4.221728310028144e-6, 2.2046019108840826e-6, 1.141579119933224e-6, 5.863742166864566e-7, 2.9886929901155726e-7, 1.5120242247139853e-7, 7.595049389592278e-8, 3.788883552787215e-8, 1.8776168472276434e-8, 9.245206959862513e-9, 4.524102611047838e-9, 2.2005969271200295e-9, 1.0641953152970805e-9, 5.117412393912746e-10, 2.447363644607535e-10, 1.164212070033854e-10",DET
2.0,"['4', '5', '9', '2', '8', '12', '7', '1', '10']",4.902545256208357,"0, 1, 2, 3, 4, 5, 6, 7, 8, 9, 10, 11, 12, 13, 14, 15, 16, 17, 18, 19, 20, 21, 22, 23, 24, 25, 26, 27, 28, 29, 30, 31, 32, 33, 34, 35, 36, 37, 38, 39, 40","0.0578963595621261, 0.0885338763384754, 0.11210226542914305, 0.12214820064620488, 0.12026537611827746, 0.109828347859952, 0.0945307266086835, 0.07751562526872938, 0.061023287311307774, 0.04638489179665091, 0.034193901218236705, 0.02453187505726206, 0.01717722982943717, 0.01176604919610344, 0.007899751082855504, 0.005207422009141477, 0.00337503243097598, 0.0021533551719868276, 0.0013539581814670833, 0.0008397698244097355, 0.0005142184637515535, 0.00031109647054833735, 0.00018607848972379957, 0.00011010725214077207, 6.449027830700632e-5, 3.7406663702282377e-5, 2.1497070306868767e-5, 1.224523643356771e-5, 6.9163960436271946e-6, 3.874995623536939e-6, 2.1541864949131638e-6, 1.188632199910278e-6, 6.511568263737655e-7, 3.5425073983212773e-7, 1.9143806561689862e-7, 1.0278656812419937e-7, 5.484368806111788e-8, 2.9086060662366982e-8, 1.5335270766214164e-8, 8.039362718073747e-9, 4.191275383405042e-9",HOU
0.0,"['4', '8', '1', '9', '21', '3', '17', '7', '6']",3.5858346181903933,"0, 1, 2, 3, 4, 5, 6, 7, 8, 9, 10, 11, 12, 13, 14, 15, 16, 17, 18, 19, 20, 21, 22, 23, 24, 25, 26, 27, 28, 29, 30, 31, 32, 33, 34, 35, 36, 37, 38, 39, 40","0.11046259199887969, 0.13958024522502993, 0.15207922463701956, 0.14373983127902423, 0.12338129229482277, 0.09857340737558426, 0.07441884716936552, 0.053634336944355446, 0.037170868565761635, 0.024907243439991514, 0.016204592742708673, 0.010270451863006604, 0.006358512726961569, 0.0038539569529717223, 0.002291170303196035, 0.0013381301091693885, 0.0007688179620845441, 0.0004350587668513299, 0.00024272927427088618, 0.0001336421661060252, 7.267158952789331e-5, 3.90571593337073e-5, 2.0760312916204068e-5, 1.091991569655859e-5, 5.687057761203948e-6, 2.9339216333488878e-6, 1.5000085947803436e-6, 7.603236945600541e-7, 3.8222916620547605e-7, 1.9064168018287303e-7, 9.436641005894087e-8, 4.637128454328723e-8, 2.2627172883172528e-8, 1.0966548814269062e-8, 5.280434569922519e-9, 2.526527375111324e-9, 1.201493447483117e-9, 5.679950668067361e-10, 2.6697522730406007e-10, 1.2478813947849755e-10, 5.8012275142013214e-11",KCR
1.0,"['6', '7', '9', '5', '8', '10', '3', '13', '15']",4.4881057570422636,"0, 1, 2, 3, 4, 5, 6, 7, 8, 9, 10, 11, 12, 13, 14, 15, 16, 17, 18, 19, 20, 21, 22, 23, 24, 25, 26, 27, 28, 29, 30, 31, 32, 33, 34, 35, 36, 37, 38, 39, 40","0.06840950161458059, 0.10157065841856888, 0.12451369654331987, 0.13108904715906666, 0.12454599718390834, 0.1096427679173155, 0.09089916848368017, 0.07174569499750633, 0.05433243621998855, 0.03970674420053985, 0.028128806129728748, 0.019384661229812368, 0.013032603376302696, 0.008568373686648536, 0.00551977467235135, 0.0034900472721413763, 0.002168982772787879, 0.0013266002765865577, 0.0007993911941564889, 0.0004750437167192412, 0.00027863468765095055, 0.00016143465782504296, 9.245208960263666e-5, 5.2367799812879224e-5, 2.9355094327768408e-5, 1.6292803157526718e-5, 8.957854794071174e-6, 4.88082776837517e-6, 2.6365412137408324e-6, 1.412486104669822e-6, 7.507360126280131e-7, 3.9598422665366195e-7, 2.0733876755898076e-7, 1.0779801564306872e-7, 5.566424599887497e-8, 2.8554703436528148e-8, 1.4554878671229561e-8, 7.373216104885539e-9, 3.712830125153244e-9, 1.8587893456223974e-9, 9.25347430092156e-10",LAA
8.0,"['8', '2', '1', '5', '9', '6', '3', '7', '4']",5.668527040835204,"0, 1, 2, 3, 4, 5, 6, 7, 8, 9, 10, 11, 12, 13, 14, 15, 16, 17, 18, 19, 20, 21, 22, 23, 24, 25, 26, 27, 28, 29, 30, 31, 32, 33, 34, 35, 36, 37, 38, 39, 40","0.03977522513624446, 0.06703144517914143, 0.09127893705326821, 0.10636017825093229, 0.11159725998769288, 0.10834130509809649, 0.09895359497095353, 0.08598228544425165, 0.0716431399580409, 0.05758326368047991, 0.044849005208909457, 0.033971218904504455, 0.02509802772320187, 0.018129417797080917, 0.012829783434735701, 0.008910223199818641, 0.0060817525350698055, 0.004084998359611605, 0.0027030905546270114, 0.0017638432984699592, 0.0011359709267008088, 0.0007226347866501449, 0.0004543773734325536, 0.0002825744760832966, 0.00017390577812522796, 0.0001059702020361229, 6.396563325087916e-5, 3.826395276508486e-5, 2.2692632046815576e-5, 1.334719191922018e-5, 7.788446234242373e-6, 4.510270509951941e-6, 2.5928076872573333e-6, 1.4800288650791247e-6, 8.390935469629598e-7, 4.7259782449549117e-7, 2.6448944619250635e-7, 1.4711207560363738e-7, 8.13381178667676e-8, 4.471189617223358e-8, 2.444037571412239e-8",LAD
3.0,"['3', '5', '11', '7', '9', '16', '6', '12', '4']",3.8913109237746877,"0, 1, 2, 3, 4, 5, 6, 7, 8, 9, 10, 11, 12, 13, 14, 15, 16, 17, 18, 19, 20, 21, 22, 23, 24, 25, 26, 27, 28, 29, 30, 31, 32, 33, 34, 35, 36, 37, 38, 39, 40","0.09807551864184441, 0.12646188603804903, 0.14194120543895944, 0.13863454964932592, 0.12321125845652993, 0.10206786290506571, 0.07998876038171024, 0.05989727816556974, 0.04316430532501634, 0.030095363152439155, 0.02038556405090371, 0.013459093079073062, 0.00868423909440312, 0.005488109107754616, 0.003403195289270413, 0.0020739680597025413, 0.001243799940073887, 0.0007349152302711261, 0.000428256523324992, 0.00024634299124482156, 0.00013998826251136645, 7.864425226097601e-5, 4.370616498346146e-5, 2.404187754354275e-5, 1.3096944012644542e-5, 7.06890767843979e-6, 3.7818394956220125e-6, 2.00628889912137e-6, 1.0557976432612912e-6, 5.513272453128541e-7, 2.8576779000680133e-7, 1.4706712904188556e-7, 7.516763624420503e-8, 3.81650097095717e-8, 1.925386582609526e-8, 9.653409974136415e-9, 4.811049928795453e-9, 2.383832648440645e-9, 1.1745292384679755e-9, 5.755390282713092e-10, 2.805272257840934e-10",MIA
0.0,"['6', '9', '4', '2', '1', '21', '19', '5', '3']",4.151307964091018,"0, 1, 2, 3, 4, 5, 6, 7, 8, 9, 10, 11, 12, 13, 14, 15, 16, 17, 18, 19, 20, 21, 22, 23, 24, 25, 26, 27, 28, 29, 30, 31, 32, 33, 34, 35, 36, 37, 38, 39, 40","0.08829000098978908, 0.11630180704037973, 0.13377733759855678, 0.1340835385199198, 0.12239146174001858, 0.10419755495609948, 0.08396172195372532, 0.06467301348050705, 0.04795768855428062, 0.03441794463943736, 0.024003755249070148, 0.016321142083986873, 0.010847811290878643, 0.007063139481935307, 0.0045134513450171285, 0.002834960472343436, 0.0017526273043833953, 0.001067669709372793, 0.000641544584296927, 0.00038057937960773726, 0.00022306666883474996, 0.00012927097544502202, 7.411699451585253e-5, 4.206610102621273e-5, 2.3646562609732392e-5, 1.3171271291847305e-5, 7.272722564096461e-6, 3.982403200464296e-6, 2.1633549401020403e-6, 1.1662393721466481e-6, 6.241039099493469e-7, 3.316327043989324e-7, 1.7502579104744865e-7, 9.17689816288553e-8, 4.781195955518469e-8, 2.4757962561644995e-8, 1.2744297525217941e-8, 6.52257291446579e-9, 3.3196965004528133e-9, 1.6804436350748445e-9, 8.461768520212772e-10",MIL
2.0,"['8', '4', '9', '16', '17', '18', '6', '1', '7']",4.827256621507539,"0, 1, 2, 3, 4, 5, 6, 7, 8, 9, 10, 11, 12, 13, 14, 15, 16, 17, 18, 19, 20, 21, 22, 23, 24, 25, 26, 27, 28, 29, 30, 31, 32, 33, 34, 35, 36, 37, 38, 39, 40","0.058850209588915646, 0.09037676129819269, 0.114258545099801, 0.12405204881891517, 0.12154411063165671, 0.11034895708539824, 0.09435375272806923, 0.0768135165308959, 0.06000355337797355, 0.04523682272886157, 0.033061536488426156, 0.023507542706187833, 0.016307602811552427, 0.011063666945810083, 0.007355204382127857, 0.0047996269575444625, 0.003078677999736576, 0.0019436076902588232, 0.001208970758630088, 0.0007416597186062282, 0.00044910406158475734, 0.00026864239627488355, 0.00015884919334325126, 9.290668186081704e-5, 5.37778673375018e-5, 3.082306504909735e-5, 1.7501114845723234e-5, 9.848225072536634e-6, 5.494425378162031e-6, 3.040289450038858e-6, 1.6690917033801508e-6, 9.093929472177293e-7, 4.918728921903083e-7, 2.6417952916213054e-7, 1.40928068856628e-7, 7.468747633697815e-8, 3.933175393777843e-8, 2.058597179130367e-8, 1.0710598662993338e-8, 5.540477065005406e-9, 2.849992405316086e-9",MIN
5.0,"['7', '8', '4', '2', '3', '6', '9', '16', '13']",4.236986998555677,"0, 1, 2, 3, 4, 5, 6, 7, 8, 9, 10, 11, 12, 13, 14, 15, 16, 17, 18, 19, 20, 21, 22, 23, 24, 25, 26, 27, 28, 29, 30, 31, 32, 33, 34, 35, 36, 37, 38, 39, 40","0.07902716760441042, 0.11141300193567621, 0.13208524068460914, 0.13504724911909868, 0.12493002227994449, 0.10728377129565694, 0.08688277763850182, 0.06706035683832495, 0.049706734598778494, 0.03558226869289666, 0.024706671942477797, 0.016697776807764294, 0.011014989009647518, 0.007108782498539165, 0.004497117169759772, 0.0027932899151978303, 0.0017059043268257891, 0.0010256110007984755, 0.0006076672594165428, 0.00035515245831186905, 0.00020492462570420117, 0.0001168232780618214, 6.58434414171445e-5, 3.6711925912799375e-5, 2.026058896687513e-5, 1.1072968374946378e-5, 5.995723620329426e-6, 3.2178522198367467e-6, 1.7123961436486697e-6, 9.038775327401083e-7, 4.7339528582535545e-7, 2.460812236458717e-7, 1.2699743622277472e-7, 6.508583481366559e-8, 3.3132819099817143e-8, 1.6757488721868046e-8, 8.422284706425318e-9, 4.207336410526901e-9, 2.089399079121359e-9, 1.0316869651843614e-9, 5.065914530202667e-10",NYM
5.0,"['5', '8', '2', '9', '16', '3', '6', '13', '4']",4.145953197178974,"0, 1, 2, 3, 4, 5, 6, 7, 8, 9, 10, 11, 12, 13, 14, 15, 16, 17, 18, 19, 20, 21, 22, 23, 24, 25, 26, 27, 28, 29, 30, 31, 32, 33, 34, 35, 36, 37, 38, 39, 40","0.08213267809257968, 0.11482518509477788, 0.13499167022623176, 0.13680625116222053, 0.12541080267848884, 0.10669794271146242, 0.08559143352537768, 0.06542866498723063, 0.04802438623210668, 0.03403843136985802, 0.02339857139675297, 0.015654056745074533, 0.010221223511856793, 0.006528673509320174, 0.00408731127324642, 0.0025122242727924305, 0.0015181091731007955, 0.0009030374115077914, 0.0005293391438890741, 0.000306055277131437, 0.00017469043507172279, 9.850732331537901e-5, 5.491502004177962e-5, 3.0283191988839697e-5, 1.6528739502420686e-5, 8.933531177703314e-6, 4.783560069049963e-6, 2.538669537107279e-6, 1.335843157303346e-6, 6.971936489469502e-7, 3.610293628576678e-7, 1.855473205105588e-7, 9.466997897561334e-8, 4.796550906906744e-8, 2.413853770229008e-8, 1.2068597710598145e-8, 5.995963418807456e-9, 2.9607646294525265e-9, 1.4533578207151988e-9, 7.093180542703355e-10, 3.442553721374256e-10",NYY
2.0,"['6', '20', '13', '10', '18', '8', '5', '1', '7']",3.4583917117675624,"0, 1, 2, 3, 4, 5, 6, 7, 8, 9, 10, 11, 12, 13, 14, 15, 16, 17, 18, 19, 20, 21, 22, 23, 24, 25, 26, 27, 28, 29, 30, 31, 32, 33, 34, 35, 36, 37, 38, 39, 40","0.11966762119481004, 0.1455295067785948, 0.15527629219201527, 0.14415370694599516, 0.12176790559308728, 0.09586227502038887, 0.07138309417499841, 0.05078132467344369, 0.03475935046691301, 0.023015226670943505, 0.014802219435790194, 0.00927747094185736, 0.005681702689534247, 0.0034074362744309934, 0.0020048305115359156, 0.0011590663632741478, 0.0006593317232831285, 0.0003694636070985308, 0.00020415268655414763, 0.00011133855732244871, 5.997781128835407e-5, 3.193747843494479e-5, 1.6821079529629197e-5, 8.76802329225549e-6, 4.525553472966201e-6, 2.3140374583480424e-6, 1.1727004690035763e-6, 5.892432166193959e-7, 2.936646648168717e-7, 1.4521272095000686e-7, 7.126700820843465e-8, 3.472387900628058e-8, 1.6801175098788833e-8, 8.074775864783274e-9, 3.8556796164141746e-9, 1.829551120955762e-9, 8.628765310384282e-10, 4.0457123374199167e-10, 1.886080273360858e-10, 8.744118897107753e-11, 4.032089712905617e-11",OAK
7.0,"['4', '6', '1', '16', '8', '3', '5', '11', '7']",4.819867087280241,"0, 1, 2, 3, 4, 5, 6, 7, 8, 9, 10, 11, 12, 13, 14, 15, 16, 17, 18, 19, 20, 21, 22, 23, 24, 25, 26, 27, 28, 29, 30, 31, 32, 33, 34, 35, 36, 37, 38, 39, 40","0.05927402375963575, 0.0907748431350772, 0.11451620762001413, 0.12413540315120054, 0.12147932296873418, 0.1101894848470516, 0.09415417957192765, 0.07661550776289655, 0.059832023531948414, 0.045102130030229684, 0.03296400664034171, 0.02344198676862694, 0.01626676288284712, 0.011040370038323205, 0.007343433196000667, 0.004794851706638551, 0.0030777697249583747, 0.0019445683887625456, 0.0012106252875028036, 0.0007433831654865126, 0.0004506114308324035, 0.00026984139522083874, 0.00015974528265910522, 9.354657055802029e-5, 5.421881996550091e-5, 3.111819502025851e-5, 1.7693828764572633e-5, 9.971397073517855e-6, 5.571673975994388e-6, 3.0879212622303984e-6, 1.698012796305917e-6, 9.267072708395507e-7, 5.021044179862302e-7, 2.7015290150970817e-7, 1.443762314871588e-7, 7.665692608483018e-8, 4.044541940052718e-8, 2.1209779754563434e-8, 1.1056890215911162e-8, 5.7310735841800025e-9, 2.9540417251444088e-9",PHI
5.0,"['23', '6', '9', '2', '24', '5', '7', '3', '1']",4.0424970676405465,"0, 1, 2, 3, 4, 5, 6, 7, 8, 9, 10, 11, 12, 13, 14, 15, 16, 17, 18, 19, 20, 21, 22, 23, 24, 25, 26, 27, 28, 29, 30, 31, 32, 33, 34, 35, 36, 37, 38, 39, 40","0.09093828638444412, 0.12025102090279415, 0.13744818664251043, 0.13655991900657746, 0.12337489520569758, 0.10384579519240014, 0.08266230090656677, 0.06285720221073116, 0.045989310592736934, 0.03254974004135658, 0.02237847155804709, 0.014994657271773876, 0.00981807050703744, 0.006295889195254783, 0.003961249312682019, 0.002449250292752896, 0.001490203083775773, 0.0008932575618657236, 0.0005280450267931304, 0.000308119825301631, 0.00017761112191664105, 0.00010121217016976552, 5.7053864922571475e-5, 3.183302401298175e-5, 1.7588877002652915e-5, 9.628785140659356e-6, 5.224761333290875e-6, 2.811220062222847e-6, 1.5004257380963227e-6, 7.946404789821169e-7, 4.177316303870729e-7, 2.1803108691665437e-7, 1.1301827119883741e-7, 5.8196206867450544e-8, 2.97752660144763e-8, 1.5139934780761514e-8, 7.652195117243264e-9, 3.845231013751156e-9, 1.9213601521051624e-9, 9.548077608594223e-10, 4.719657489339212e-10",PIT
2.0,"['7', '6', '5', '4', '2', '9', '12', '3', '25']",4.94715887572425,"0, 1, 2, 3, 4, 5, 6, 7, 8, 9, 10, 11, 12, 13, 14, 15, 16, 17, 18, 19, 20, 21, 22, 23, 24, 25, 26, 27, 28, 29, 30, 31, 32, 33, 34, 35, 36, 37, 38, 39, 40","0.05864470865317144, 0.08799937980942933, 0.11085003100175657, 0.12061837862219266, 0.11888114458271914, 0.10886282416148692, 0.0940820069553492, 0.07754536443751399, 0.06141613404023446, 0.047001792997821444, 0.03490802105966955, 0.025246431491112505, 0.017829614709902086, 0.01232377497656542, 0.008352893729085166, 0.00556067222467957, 0.0036409990171300216, 0.0023476961088773896, 0.0014922804052638035, 0.0009359461510559324, 0.0005796985129753005, 0.00035483377486794925, 0.00021478611708565976, 0.0001286486141746289, 7.628799004500932e-5, 4.480971267808645e-5, 2.6082409931733305e-5, 1.505083389901066e-5, 8.613385872488737e-6, 4.890327306235331e-6, 2.755441488237081e-6, 1.541210054230478e-6, 8.559898086581177e-7, 4.7219539383074506e-7, 2.587759352067973e-7, 1.4091935328601569e-7, 7.626956846677741e-8, 4.103451601183016e-8, 2.1950423588090254e-8, 1.1676303764014405e-8, 6.1773984437354826e-9",SDP
3.0,"['7', '3', '2', '8', '1', '5', '6', '20', '4']",4.35209060737848,"0, 1, 2, 3, 4, 5, 6, 7, 8, 9, 10, 11, 12, 13, 14, 15, 16, 17, 18, 19, 20, 21, 22, 23, 24, 25, 26, 27, 28, 29, 30, 31, 32, 33, 34, 35, 36, 37, 38, 39, 40","0.07533556046626999, 0.1073024327514194, 0.12848152566836857, 0.1327565464410027, 0.12416512870686787, 0.10783805593515437, 0.08834835783855574, 0.06900238780363568, 0.051765721821071926, 0.03751247170646031, 0.02637242789539095, 0.018049325653719264, 0.012059249700539683, 0.007883667250213599, 0.005052695893169952, 0.0031799223425053582, 0.001967973909582049, 0.0011991166202848734, 0.0007201221491580497, 0.0004266404522577101, 0.00024956950957357333, 0.00014425085524388606, 8.243903240196047e-5, 4.661191645596302e-5, 2.6088424946896913e-5, 1.4461087977364354e-5, 7.942429645412302e-6, 4.323994823291293e-6, 2.3343275518021325e-6, 1.2500737037789913e-6, 6.642740254102708e-7, 3.503699677452858e-7, 1.834826841049626e-7, 9.5425405172664e-8, 4.929898927933168e-8, 2.5305470112266106e-8, 1.2908747192432623e-8, 6.545338508336422e-9, 3.299424030302023e-9, 1.653776855490406e-9, 8.243633340299192e-10",SEA
0.0,"['2', '8', '10', '9', '11', '3', '4', '12', '27']",3.866388385574996,"0, 1, 2, 3, 4, 5, 6, 7, 8, 9, 10, 11, 12, 13, 14, 15, 16, 17, 18, 19, 20, 21, 22, 23, 24, 25, 26, 27, 28, 29, 30, 31, 32, 33, 34, 35, 36, 37, 38, 39, 40","0.09930680397113632, 0.12743168333567081, 0.14265399040593343, 0.13896963238421575, 0.12319047308904124, 0.1017862149632114, 0.07955919543541681, 0.0594175240857637, 0.04270325201686435, 0.02969246920186776, 0.020056792306781257, 0.013204685062068604, 0.008495700674771347, 0.00535337063664585, 0.003309869780846092, 0.0020110749642324286, 0.0012024360338570882, 0.0007083003396370642, 0.000411468728624873, 0.00023594457051386768, 0.00013365431829336435, 7.484537837562709e-5, 4.1460329730637935e-5, 2.2731931682432463e-5, 1.234247018384751e-5, 6.639497144763077e-6, 3.540167091769609e-6, 1.8717133390722972e-6, 9.816112959499632e-7, 5.108218758748114e-7, 2.638536099609769e-7, 1.353144075595435e-7, 6.891714488161618e-8, 3.4867384638517934e-8, 1.7527482922071315e-8, 8.756293784287936e-9, 4.348185639422643e-9, 2.1466617483967638e-9, 1.0538107906942638e-9, 5.144890781747852e-10, 2.4984512477982243e-10",SFG
9.0,"['11', '7', '2', '5', '1', '6', '3', '8', '10']",4.603297318045334,"0, 1, 2, 3, 4, 5, 6, 7, 8, 9, 10, 11, 12, 13, 14, 15, 16, 17, 18, 19, 20, 21, 22, 23, 24, 25, 26, 27, 28, 29, 30, 31, 32, 33, 34, 35, 36, 37, 38, 39, 40","0.06828210618660692, 0.09884981214311, 0.12076299546518676, 0.1275130391805927, 0.1219933794827107, 0.10845938494481892, 0.09101382613333742, 0.0728448659918558, 0.056025319952102456, 0.04163736190234543, 0.0300305564960769, 0.021091427500968478, 0.014464762764560617, 0.009708897977709553, 0.006390161239809211, 0.004130869947802786, 0.002626418627700053, 0.0016443852108913987, 0.0010148901737633282, 0.0006180372800647354, 0.0003716628907443827, 0.0002208731840197987, 0.00012980250093435933, 7.547941548732915e-5, 4.3452418649363525e-5, 2.4777197775806793e-5, 1.4000321735491237e-5, 7.842405941314665e-6, 4.356618124286303e-6, 2.400982239225143e-6, 1.3131262265903545e-6, 7.129030297736801e-7, 3.843084302105518e-7, 2.0576209391368616e-7, 1.0944343431641654e-7, 5.7842738172383956e-8, 3.0383116877762865e-8, 1.5864409887748782e-8, 8.235730037366748e-9, 4.251483195584391e-9, 2.1827708701677202e-9",STL
4.0,"['2', '4', '5', '6', '9', '12', '8', '1', '7']",4.88888815769816,"0, 1, 2, 3, 4, 5, 6, 7, 8, 9, 10, 11, 12, 13, 14, 15, 16, 17, 18, 19, 20, 21, 22, 23, 24, 25, 26, 27, 28, 29, 30, 31, 32, 33, 34, 35, 36, 37, 38, 39, 40","0.056889503050242644, 0.08834879384625705, 0.11248003751930061, 0.12288142819491295, 0.12108794337754084, 0.11052936030848534, 0.09499668582796518, 0.07772292096890962, 0.06100840578575006, 0.046212225739688806, 0.03393121601180719, 0.02423602097077982, 0.016888579898780193, 0.011508701794586053, 0.00768466347507133, 0.005036418570532037, 0.0032444901640357334, 0.002057047037000646, 0.0012849671584926911, 0.0007916079498651919, 0.0004813616511742496, 0.0002891405484022529, 0.00017168060953264708, 0.00010082717741092035, 5.860329608970083e-5, 3.372687746962727e-5, 1.9228369950647664e-5, 1.086441328758342e-5, 6.086080923223917e-6, 3.381376170625444e-6, 1.863881137494671e-6, 1.0196373412022606e-6, 5.537326651746331e-7, 2.986047798860558e-7, 1.5993477486024537e-7, 8.510178698976415e-8, 4.499637984819879e-8, 2.364542074215316e-8, 1.2351765307010265e-8, 6.41505519508836e-9, 3.313090912332713e-9",TBR
11.0,"['3', '4', '2', '8', '5', '1', '11', '14', '12']",5.408848527662587,"0, 1, 2, 3, 4, 5, 6, 7, 8, 9, 10, 11, 12, 13, 14, 15, 16, 17, 18, 19, 20, 21, 22, 23, 24, 25, 26, 27, 28, 29, 30, 31, 32, 33, 34, 35, 36, 37, 38, 39, 40","0.045294498222788936, 0.07384022998885713, 0.09809608788968957, 0.11176650452085643, 0.1148297777671106, 0.10927008053934342, 0.09789913571772549, 0.08349553764554916, 0.06832137010927158, 0.05395018816579102, 0.04129770127128817, 0.03075405569606417, 0.022344726639604087, 0.015877296097886698, 0.011055326198092888, 0.007556029352746712, 0.00507659089078769, 0.0033570095020638993, 0.0021873165563146175, 0.001405624810749731, 0.0008916584012280012, 0.000558767992577863, 0.0003461517778953409, 0.00021211557262855346, 0.00012864500706751724, 7.725894185765143e-5, 4.5966562039022575e-5, 2.710549728025222e-5, 1.584763191508265e-5, 9.190075346768157e-6, 5.287683782361283e-6, 3.0195121287647386e-6, 1.7118134717831134e-6, 9.636939335358569e-7, 5.38879338930172e-7, 2.9937334032722964e-7, 1.6527104113075983e-7, 9.06837138197621e-8, 4.946432215801054e-8, 2.6826334523634016e-8, 1.4468008454410654e-8",TEX
10.0,"['8', '4', '2', '6', '1', '9', '5', '3', '7']",4.535290273816569,"0, 1, 2, 3, 4, 5, 6, 7, 8, 9, 10, 11, 12, 13, 14, 15, 16, 17, 18, 19, 20, 21, 22, 23, 24, 25, 26, 27, 28, 29, 30, 31, 32, 33, 34, 35, 36, 37, 38, 39, 40","0.07136289968920212, 0.10156980878318124, 0.12275192004487474, 0.12847703103005245, 0.12199451237282888, 0.10774862333035179, 0.0898903113236109, 0.071569603237064, 0.054784926352012854, 0.04054152411369654, 0.029126644099012913, 0.02038426794060861, 0.013934765033420154, 0.009325720030187654, 0.006121572644473668, 0.00394763855953203, 0.0025043951574496783, 0.0015648665992888488, 0.0009640813741921451, 0.0005861531681491864, 0.00035198470055562513, 0.00020891419827209507, 0.00012263848813968785, 7.124524741991205e-5, 4.098138546123058e-5, 2.335225547049248e-5, 1.318786555883659e-5, 7.384123006818384e-6, 4.100747358842913e-6, 2.2595131991920277e-6, 1.2356376981266353e-6, 6.708387544385187e-7, 3.6167037162199557e-7, 1.9367975229672636e-7, 1.0304647588022119e-7, 5.448211509353262e-8, 2.8630878005573352e-8, 1.4957449707304877e-8, 7.769618126516975e-9, 4.013592755548304e-9, 2.062178765320009e-9",TOR
2.0,"['8', '9', '5', '2', '1', '7', '3', '14', '4']",3.6463842344815154,"0, 1, 2, 3, 4, 5, 6, 7, 8, 9, 10, 11, 12, 13, 14, 15, 16, 17, 18, 19, 20, 21, 22, 23, 24, 25, 26, 27, 28, 29, 30, 31, 32, 33, 34, 35, 36, 37, 38, 39, 40","0.11084798175706675, 0.13720209560465035, 0.1492062371375533, 0.1414731573489976, 0.12221176664949635, 0.09848990618014408, 0.07513807356208248, 0.05480190641489047, 0.03848213223383862, 0.02615402477770172, 0.01727439370978645, 0.011123881349363601, 0.00700226281027754, 0.004318072389801899, 0.0026133636230882286, 0.0015546703698069448, 0.0009102925596388868, 0.0005252029645804807, 0.0002988915999423877, 0.00016792902785026852, 9.321917787526925e-5, 5.1163186185430305e-5, 2.7781521956878872e-5, 1.4933012143163381e-5, 7.94978108225972e-6, 4.193549655895517e-6, 2.192870025264275e-6, 1.1371497069962083e-6, 5.849941008823396e-7, 2.9864651454866495e-7, 1.5134479294760199e-7, 7.615590741514297e-8, 3.8060883268855985e-8, 1.88972357269302e-8, 9.323082878272414e-9, 4.571447280013251e-9, 2.228259741053436e-9, 1.0798796316655282e-9, 5.20423373903177e-10, 2.4944798293761097e-10, 1.189352429068289e-10",WSN
