2.0,"['19', '3', '6', '2', '11', '14', '10', '1', '8']",4.311725346024367,"0, 1, 2, 3, 4, 5, 6, 7, 8, 9, 10, 11, 12, 13, 14, 15, 16, 17, 18, 19, 20, 21, 22, 23, 24, 25, 26, 27, 28, 29, 30, 31, 32, 33, 34, 35, 36, 37, 38, 39, 40","0.07136799762257108, 0.11070184054219193, 0.13170977352032368, 0.1351986761684069, 0.12547732380732832, 0.10808311999987412, 0.08782909746468544, 0.06806552203740526, 0.05069494227317023, 0.036494444963413676, 0.025504370526318994, 0.017363160503959387, 0.011547306228619037, 0.0075191127399063815, 0.004803068510022287, 0.0030146842029617872, 0.0018618262247665075, 0.0011327465000928933, 0.0006796387872051127, 0.00040250952806802703, 0.00023549502896008588, 0.00013621073613581176, 7.793774354143399e-5, 4.4141385260170245e-5, 2.4759160983790187e-5, 1.3760247040433578e-5, 7.5806638198710856e-6, 4.14145141988765e-6, 2.24450886946886e-6, 1.2071456840327054e-6, 6.444694169779176e-7, 3.416438016361152e-7, 1.798823075380023e-7, 9.409222383715071e-8, 4.8906721076451575e-8, 2.5265342759813278e-8, 1.2975071349281019e-8, 6.625255558337533e-9, 3.3641787587596647e-9, 1.6990631898646212e-9, 8.536113397490859e-10",ARI
7.0,"['8', '2', '5', '3', '1', '9', '7', '10', '4']",5.986343142623337,"0, 1, 2, 3, 4, 5, 6, 7, 8, 9, 10, 11, 12, 13, 14, 15, 16, 17, 18, 19, 20, 21, 22, 23, 24, 25, 26, 27, 28, 29, 30, 31, 32, 33, 34, 35, 36, 37, 38, 39, 40","0.028300652597886625, 0.056862890016398084, 0.08266610334996627, 0.10091274674992541, 0.10968140419993093, 0.10948612466145334, 0.10228613055335657, 0.09055880939832882, 0.07665285569297983, 0.062436606936102576, 0.04918486242276394, 0.03761950508163412, 0.02802600327901321, 0.02038951293519707, 0.01451757484708448, 0.010134942493063332, 0.006948191772449447, 0.004684209630467871, 0.0031090674576600553, 0.002033790935971421, 0.0013123992212120167, 0.0008361161027014017, 0.000526293941084081, 0.00032752137381978106, 0.0002016328088110087, 0.0001228654315116212, 7.414144376938675e-5, 4.432538575871827e-5, 2.6265469881655856e-5, 1.5432116231624908e-5, 8.993463811074008e-6, 5.200338426567724e-6, 2.9844945879588916e-6, 1.7004606269099787e-6, 9.62127084004528e-7, 5.407220638456212e-7, 3.01918817104896e-7, 1.675224081120697e-7, 9.238651020035257e-8, 5.0649834143573144e-8, 2.760941541600478e-8",ATL
10.0,"['7', '1', '8', '2', '10', '5', '6', '3', '4']",4.38209574247565,"0, 1, 2, 3, 4, 5, 6, 7, 8, 9, 10, 11, 12, 13, 14, 15, 16, 17, 18, 19, 20, 21, 22, 23, 24, 25, 26, 27, 28, 29, 30, 31, 32, 33, 34, 35, 36, 37, 38, 39, 40","0.0681867472510407, 0.10738702289110427, 0.1294582826813153, 0.13427333848436968, 0.1256950305838963, 0.10907730572504867, 0.08921514338093285, 0.06953809345159341, 0.052056994173771694, 0.03764627816249479, 0.0264169333939149, 0.018050294037630348, 0.012043650596578779, 0.007865312909251593, 0.005037363635444969, 0.003169099221934016, 0.0019612215668357055, 0.0011953804212541958, 0.0007183517947951689, 0.0004260170781770125, 0.00024953781944328133, 0.00014447306548620286, 8.273061625897667e-5, 4.688496109381184e-5, 2.6310131406351814e-5, 1.4626716922595344e-5, 8.059327985122956e-6, 4.403071677662277e-6, 2.386050863788094e-6, 1.2829791986984777e-6, 6.847196063689789e-7, 3.6281556668254124e-7, 1.909221892440513e-7, 9.980058594607622e-8, 5.183428727617689e-8, 2.6754862283445665e-8, 1.3727065739078852e-8, 7.0020336516471825e-9, 3.5515584377351706e-9, 1.7915709064008612e-9, 8.989527045350576e-10",BAL
9.0,"['8', '5', '9', '6', '10', '2', '3', '12', '4']",4.3183776024500435,"0, 1, 2, 3, 4, 5, 6, 7, 8, 9, 10, 11, 12, 13, 14, 15, 16, 17, 18, 19, 20, 21, 22, 23, 24, 25, 26, 27, 28, 29, 30, 31, 32, 33, 34, 35, 36, 37, 38, 39, 40","0.07040460419196944, 0.10981468660809927, 0.13146343096963173, 0.1354540619811333, 0.12598719214531173, 0.10864293926662234, 0.0883081096060881, 0.06840778210613309, 0.05089813535807227, 0.0365847318713628, 0.025516858992634648, 0.01733028821459763, 0.011493819632780415, 0.0074612862906715755, 0.004750050209156458, 0.002970522532504152, 0.001827384981574145, 0.0011071835511379925, 0.0006613997594238195, 0.00038991515616769565, 0.0002270378731308828, 0.00013066821122062868, 7.438279963277894e-5, 4.190490537644703e-5, 2.3376583860503698e-5, 1.2919125759204441e-5, 7.076438240154681e-6, 3.843284376206842e-6, 2.070420123544418e-6, 1.1067039493780748e-6, 5.871629247495371e-7, 3.092905598793152e-7, 1.6179788883573111e-7, 8.407869529013515e-8, 4.341173136219008e-8, 2.2275651680616177e-8, 1.1361710123298633e-8, 5.761412907980647e-9, 2.90511327188111e-9, 1.4568600920892833e-9, 7.267094961833957e-10",BOS
4.0,"['3', '4', '6', '7', '2', '1', '16', '11', '14']",4.67725308096487,"0, 1, 2, 3, 4, 5, 6, 7, 8, 9, 10, 11, 12, 13, 14, 15, 16, 17, 18, 19, 20, 21, 22, 23, 24, 25, 26, 27, 28, 29, 30, 31, 32, 33, 34, 35, 36, 37, 38, 39, 40","0.05915484234020098, 0.096876296316289, 0.12032501283723347, 0.12841966188247617, 0.12364318255472932, 0.11032197803550871, 0.09275933792158568, 0.07431559507769948, 0.05717942013164195, 0.04249751110650158, 0.03064714264245917, 0.02152033131707421, 0.014756210713722578, 0.009903360718383455, 0.006518081971032547, 0.0042140912077903775, 0.002680089050130279, 0.001678753782959947, 0.0010367663718206421, 0.0006318859380532908, 0.00038038338976519915, 0.00022633482955511204, 0.00013320364358743303, 7.758449680088604e-5, 4.4746825306617624e-5, 2.5567613895496135e-5, 1.4479468017534185e-5, 8.130668219937913e-6, 4.528695353181022e-6, 2.502891858726438e-6, 1.3729993662578672e-6, 7.477983823344783e-7, 4.044844841724664e-7, 2.1733571330742568e-7, 1.1603078885343641e-7, 6.156336822168389e-8, 3.246879745186324e-8, 1.7024982978140544e-8, 8.876882922562324e-9, 4.6031959585028215e-9, 2.374384299881755e-9",CHC
3.0,"['4', '7', '2', '9', '5', '6', '1', '3', '15']",3.240556135639599,"0, 1, 2, 3, 4, 5, 6, 7, 8, 9, 10, 11, 12, 13, 14, 15, 16, 17, 18, 19, 20, 21, 22, 23, 24, 25, 26, 27, 28, 29, 30, 31, 32, 33, 34, 35, 36, 37, 38, 39, 40","0.12293220682605487, 0.15956003737923194, 0.16546292849041075, 0.1490405520345229, 0.12172283045297279, 0.09242773857163743, 0.06628488263604587, 0.045369338163810634, 0.029859430293914233, 0.019001067041812984, 0.01174098891489569, 0.0070685069963824145, 0.004157508030734749, 0.002394407936647801, 0.0013528216956257267, 0.0007510237518565216, 0.00041023439620786864, 0.0002207449462098109, 0.00011713313872164317, 6.134729139507709e-5, 3.1738691184104024e-5, 1.6232081357014136e-5, 8.21167632080377e-6, 4.111638802555009e-6, 2.0386970971212845e-6, 1.0015038998232916e-6, 4.876461135767397e-7, 2.3544118679223863e-7, 1.1275732074962322e-7, 5.358436234285397e-8, 2.5275362499288043e-8, 1.1837160217184648e-8, 5.505592878455012e-9, 2.5437501201917567e-9, 1.167773044639281e-9, 5.327815181081764e-10, 2.416203071995964e-10, 1.0894129033002278e-10, 4.8843014623102364e-11, 2.1778832799853194e-11, 9.659528280476405e-12",CHW
4.0,"['3', '7', '11', '1', '21', '16', '2', '8', '15']",4.542646386738609,"0, 1, 2, 3, 4, 5, 6, 7, 8, 9, 10, 11, 12, 13, 14, 15, 16, 17, 18, 19, 20, 21, 22, 23, 24, 25, 26, 27, 28, 29, 30, 31, 32, 33, 34, 35, 36, 37, 38, 39, 40","0.0623444830320443, 0.10112984916720341, 0.1244762771413591, 0.13144561339793465, 0.12511455496047746, 0.1102908049614196, 0.09156873396008301, 0.0724087923208765, 0.0549678734692012, 0.04029459912204391, 0.028652317325733166, 0.019833085578727608, 0.013402429054725143, 0.008862643132264009, 0.005746252333219274, 0.0036590785578986284, 0.0022916290628462446, 0.0014133141968760432, 0.0008592567480586692, 0.0005154762884164001, 0.0003053940876997744, 0.00017881495511091347, 0.00010354501753815845, 5.9333327545260686e-5, 3.3662715541983226e-5, 1.8918868803671998e-5, 1.0537380942892034e-5, 5.818895234372529e-6, 3.1870044949268117e-6, 1.7318480647145995e-6, 9.340298277467308e-7, 5.00108020668175e-7, 2.659118922098306e-7, 1.4044061642279294e-7, 7.369382690635547e-8, 3.842804166107031e-8, 1.991742043420969e-8, 1.0262867386719646e-8, 5.258148973162628e-9, 2.679158855020753e-9, 1.3577938385038442e-9",CIN
0.0,"['6', '4', '5', '9', '2', '3', '8', '16', '7']",3.576074650143446,"0, 1, 2, 3, 4, 5, 6, 7, 8, 9, 10, 11, 12, 13, 14, 15, 16, 17, 18, 19, 20, 21, 22, 23, 24, 25, 26, 27, 28, 29, 30, 31, 32, 33, 34, 35, 36, 37, 38, 39, 40","0.10714474333478959, 0.14421394305541774, 0.15408548807691325, 0.14411762019048457, 0.1228016914326044, 0.09760972127114419, 0.07347246204332566, 0.05290218085296191, 0.03669803717717802, 0.024656802895512187, 0.016111192031992436, 0.01027109068967171, 0.006405245381492574, 0.003915772757645625, 0.0023509374295970697, 0.0013882473153405477, 0.0008073477530779041, 0.00046292669932862653, 0.00026196861237934494, 0.00014643607234501732, 8.091744597591177e-5, 4.4231221936493784e-5, 2.3931697427363198e-5, 1.2823739877319678e-5, 6.808766954170725e-6, 3.583686148584453e-6, 1.870586296788719e-6, 9.686665839905512e-7, 4.978156381385021e-7, 2.5397861008963503e-7, 1.2867259462970747e-7, 6.475175010696495e-8, 3.237434772032271e-8, 1.6085490174297585e-8, 7.9440861894118e-9, 3.900463158065488e-9, 1.904282553869783e-9, 9.246229428590842e-10, 4.465666307672753e-10, 2.1456655528177651e-10, 1.0257788175444262e-10",CLE
7.0,"['18', '8', '9', '13', '2', '5', '1', '3', '4']",3.808464289453695,"0, 1, 2, 3, 4, 5, 6, 7, 8, 9, 10, 11, 12, 13, 14, 15, 16, 17, 18, 19, 20, 21, 22, 23, 24, 25, 26, 27, 28, 29, 30, 31, 32, 33, 34, 35, 36, 37, 38, 39, 40","0.09167520546294353, 0.13161243744927834, 0.14771603019610638, 0.14345011119194867, 0.1260777077951623, 0.10291207329622885, 0.07927972156440735, 0.058261062795612356, 0.041154234869840774, 0.028100883090789393, 0.018628496547053612, 0.012030290076495195, 0.007589571372911578, 0.004688036013580204, 0.0028406944777478013, 0.0016912932339691086, 0.0009907742461207375, 0.00057175738022897, 0.00032537491247771645, 0.00018276417065490338, 0.0001014114073033982, 5.562718085309124e-5, 3.0183826850425882e-5, 1.6210745653884712e-5, 8.621904998329885e-6, 4.543426572188119e-6, 2.373199958475183e-6, 1.229219641312457e-6, 6.315799621454002e-7, 3.220159530027838e-7, 1.629714925119655e-7, 8.189470769074944e-8, 4.087195864676028e-8, 2.0264114113429873e-8, 9.983020213286066e-9, 4.887887363135749e-9, 2.3789859258469695e-9, 1.151210817986595e-9, 5.539694772405681e-10, 2.6512808170666047e-10, 1.262208554565796e-10",COL
0.0,"['10', '4', '7', '12', '2', '20', '9', '14', '21']",3.664192706507591,"0, 1, 2, 3, 4, 5, 6, 7, 8, 9, 10, 11, 12, 13, 14, 15, 16, 17, 18, 19, 20, 21, 22, 23, 24, 25, 26, 27, 28, 29, 30, 31, 32, 33, 34, 35, 36, 37, 38, 39, 40","0.10006215404507697, 0.13888761404131217, 0.15195432672452877, 0.1445434989323931, 0.12474596197371214, 0.10015065630203027, 0.07597726064776447, 0.05503738303118936, 0.0383529147145024, 0.02585227685633128, 0.01692777614575022, 0.010803313897229971, 0.006738239002605009, 0.004116581284355862, 0.0024679578981669633, 0.0014542391606695883, 0.0008433719752199208, 0.00048194441118435636, 0.0002716526241973105, 0.00015116855967045776, 8.311637882140645e-5, 4.518546724224007e-5, 2.4303827588806462e-5, 1.2940877317787779e-5, 6.824822930153749e-6, 3.5666610695611278e-6, 1.847829236944738e-6, 9.49427146159418e-7, 4.839688316189796e-7, 2.4483449944042163e-7, 1.2295879347396965e-7, 6.131977277691653e-8, 3.037446187560357e-8, 1.494819447439174e-8, 7.310356728447639e-9, 3.553439935325256e-9, 1.7171362996781111e-9, 8.250593540856481e-10, 3.942433965855937e-10, 1.8737515683728842e-10, 8.859173534412456e-11",DET
2.0,"['4', '5', '9', '2', '8', '12', '7', '1', '10']",4.85238144378113,"0, 1, 2, 3, 4, 5, 6, 7, 8, 9, 10, 11, 12, 13, 14, 15, 16, 17, 18, 19, 20, 21, 22, 23, 24, 25, 26, 27, 28, 29, 30, 31, 32, 33, 34, 35, 36, 37, 38, 39, 40","0.053200447304047, 0.09011777907968972, 0.11488743281571183, 0.12526255435308398, 0.12286526258500989, 0.11147385473090415, 0.09516857973794503, 0.07732773448787458, 0.06028288068598391, 0.045358504256892, 0.033091451187581236, 0.023492663570769873, 0.0162769280808488, 0.011032547136369487, 0.007330107000141035, 0.004782012007068266, 0.0030676502880999765, 0.0019374919317972138, 0.001206111757160588, 0.0007407408952364911, 0.000449206499516549, 0.0002691883813844077, 0.00015951155445156096, 9.352316399347155e-5, 5.4284721286063324e-5, 3.1209376920656937e-5, 1.778035054192629e-5, 1.0042102966885662e-5, 5.624765669605167e-6, 3.1255932983852647e-6, 1.7236521919287015e-6, 9.435959462950351e-7, 5.12934873512032e-7, 2.769426708503578e-7, 1.4855008141514474e-7, 7.917863546503264e-8, 4.194550855604979e-8, 2.208968648965954e-8, 1.1566425490648368e-8, 6.0226583653472765e-9, 3.1190771621923745e-9",HOU
0.0,"['4', '8', '1', '9', '21', '3', '17', '7', '6']",3.5963260453957178,"0, 1, 2, 3, 4, 5, 6, 7, 8, 9, 10, 11, 12, 13, 14, 15, 16, 17, 18, 19, 20, 21, 22, 23, 24, 25, 26, 27, 28, 29, 30, 31, 32, 33, 34, 35, 36, 37, 38, 39, 40","0.10131239872017532, 0.14142949951869954, 0.1547685886619423, 0.14649145443677605, 0.1254923769603442, 0.09982477903516625, 0.07493051179063148, 0.0536456310803567, 0.036911977970003396, 0.0245476440420433, 0.01584702797434608, 0.009964882489819617, 0.006120514183727359, 0.003680333042241557, 0.002170698084061704, 0.0012578469076253958, 0.0007170917740520767, 0.00040268171817876906, 0.00022296920440627774, 0.00012184975786725226, 6.577437506193652e-5, 3.509604050146681e-5, 1.852305825747253e-5, 9.675561311928363e-6, 5.004720557166624e-6, 2.564680997910544e-6, 1.3026518305489206e-6, 6.560542034712277e-7, 3.2773880378399193e-7, 1.6245769774666327e-7, 7.993058868835047e-8, 3.904556309472429e-8, 1.8942300528496657e-8, 9.12859892403763e-9, 4.3710557179486714e-9, 2.0800459915945265e-9, 9.839005965871743e-10, 4.627035264349303e-10, 2.163735093253646e-10, 1.0062981646974966e-10, 4.6551943622959265e-11",KCR
1.0,"['6', '7', '9', '5', '8', '10', '3', '13', '15']",4.452828857247086,"0, 1, 2, 3, 4, 5, 6, 7, 8, 9, 10, 11, 12, 13, 14, 15, 16, 17, 18, 19, 20, 21, 22, 23, 24, 25, 26, 27, 28, 29, 30, 31, 32, 33, 34, 35, 36, 37, 38, 39, 40","0.0634514989769136, 0.1032227757964032, 0.12722835513612338, 0.13398572746147885, 0.12681433605160217, 0.11093756839483136, 0.09125754794747044, 0.07140242133784781, 0.05357130266198456, 0.03877367781208169, 0.027197676661926837, 0.01855663169089329, 0.0123514170000338, 0.008039624796776258, 0.005127838838317249, 0.003210378413680174, 0.001975779233655967, 0.0011968292045388058, 0.0007143626518631099, 0.00042055376838609157, 0.00024440817578449026, 0.00014032527177963773, 7.964924969931626e-5, 4.472219664711051e-5, 2.485446665408856e-5, 1.3678775760830042e-5, 7.458539458839252e-6, 4.030964775343991e-6, 2.16014278985105e-6, 1.148233399198315e-6, 6.05614171099289e-7, 3.170392430871733e-7, 1.6477995191597598e-7, 8.505198623679927e-8, 4.3607347894477555e-8, 2.2214121420602067e-8, 1.124567109782103e-8, 5.658676529826008e-9, 2.8307308896077342e-9, 1.4080317088566934e-9, 6.965105345121105e-10",LAA
8.0,"['8', '2', '1', '5', '9', '6', '3', '7', '4']",5.57844539041041,"0, 1, 2, 3, 4, 5, 6, 7, 8, 9, 10, 11, 12, 13, 14, 15, 16, 17, 18, 19, 20, 21, 22, 23, 24, 25, 26, 27, 28, 29, 30, 31, 32, 33, 34, 35, 36, 37, 38, 39, 40","0.036871380742746436, 0.06857268015023366, 0.09412337297261278, 0.10971097363123904, 0.11460478244008955, 0.11045650572289066, 0.09998741899232054, 0.08601829250509674, 0.07091637181838308, 0.05637533200383617, 0.0434180241917264, 0.0325166824051346, 0.02375205946797513, 0.016963918309991364, 0.01187065775573013, 0.008152733289338437, 0.005503749105447889, 0.003656793217034786, 0.0023939581052495147, 0.0015457387601099301, 0.000985232986445076, 0.0006203882923602635, 0.00038620064538726496, 0.00023782631156438888, 0.00014496089682253653, 8.750027760960125e-5, 5.2328642099164215e-5, 3.101895517707106e-5, 1.8232373013944288e-5, 1.0630273403238237e-5, 6.150004521471725e-6, 3.5315855022746165e-6, 2.0134966527799996e-6, 1.1400756112511601e-6, 6.412457816432896e-7, 3.5836264431719134e-7, 1.990310493260957e-7, 1.0987661577547562e-7, 6.030550314680438e-8, 3.291179991230943e-8, 1.7863248996053183e-8",LAD
3.0,"['3', '5', '11', '7', '9', '16', '6', '12', '4']",3.882667735214738,"0, 1, 2, 3, 4, 5, 6, 7, 8, 9, 10, 11, 12, 13, 14, 15, 16, 17, 18, 19, 20, 21, 22, 23, 24, 25, 26, 27, 28, 29, 30, 31, 32, 33, 34, 35, 36, 37, 38, 39, 40","0.08946640402419731, 0.1289171921848726, 0.1451203416443912, 0.14175090013732985, 0.12551944853778002, 0.10334142033877651, 0.0803694633891252, 0.05966881904816228, 0.04260834620343971, 0.029426988140776083, 0.019740384655965223, 0.012905936134932109, 0.008245775060249405, 0.005160073772841518, 0.0031686718282237427, 0.001912429512212295, 0.0011359822765838045, 0.0006648860224176406, 0.0003838477936614024, 0.00021877623576380549, 0.00012320229341207298, 6.860023005122894e-5, 3.779184567719977e-5, 2.061040334864441e-5, 1.113311934688073e-5, 5.9592813762318465e-6, 3.1623118165859434e-6, 1.6642549681775322e-6, 8.689519606070347e-7, 4.502732227982343e-7, 2.3162921559014752e-7, 1.1832314532465931e-7, 6.003692282476177e-8, 3.026526563383789e-8, 1.5161615814866964e-8, 7.549397332525595e-9, 3.737056246381883e-9, 1.839402331929789e-9, 9.003838281697734e-10, 4.38381227410346e-10, 2.1233163499167445e-10",MIA
0.0,"['6', '9', '4', '2', '1', '21', '19', '5', '3']",4.135082701800677,"0, 1, 2, 3, 4, 5, 6, 7, 8, 9, 10, 11, 12, 13, 14, 15, 16, 17, 18, 19, 20, 21, 22, 23, 24, 25, 26, 27, 28, 29, 30, 31, 32, 33, 34, 35, 36, 37, 38, 39, 40","0.07972148610356969, 0.11870723220933352, 0.13705152047911412, 0.13739282391753183, 0.12494371618915373, 0.10569016513945474, 0.08448411063233077, 0.06449206258269384, 0.04736582665079689, 0.03365520690383358, 0.02323335269175683, 0.015635089400173066, 0.010284753075612505, 0.006627656299692518, 0.004191864288813496, 0.0026062748966189644, 0.0015950909597099074, 0.0009620780855757953, 0.0005724502397140911, 0.00033632362044520804, 0.0001952605097656232, 0.00011210285071811433, 6.368524718176733e-5, 3.5820248665411497e-5, 1.9957663172160875e-5, 1.1020073305783359e-5, 6.033064950385278e-6, 3.2759619222700945e-6, 1.7649868588784272e-6, 9.438170280389592e-7, 5.010817131107356e-7, 2.641948751840468e-7, 1.383716058061966e-7, 7.200785549173599e-8, 3.724082462364299e-8, 1.9144973978183977e-8, 9.785203802178273e-9, 4.9732764034110824e-9, 2.5138881213050695e-9, 1.2640036459110577e-9, 6.322865291551047e-10",MIL
2.0,"['8', '4', '9', '16', '17', '18', '6', '1', '7']",4.777383715142269,"0, 1, 2, 3, 4, 5, 6, 7, 8, 9, 10, 11, 12, 13, 14, 15, 16, 17, 18, 19, 20, 21, 22, 23, 24, 25, 26, 27, 28, 29, 30, 31, 32, 33, 34, 35, 36, 37, 38, 39, 40","0.054427559225057154, 0.09201289443492638, 0.11704922532138493, 0.12712076425110574, 0.12405111338746656, 0.11187831938646613, 0.0948778711017563, 0.07653326368137048, 0.05920155148358022, 0.04418038768156252, 0.03195561231487542, 0.022483819995182154, 0.01543394291809875, 0.01036140759097008, 0.006816693385110041, 0.004402356212107793, 0.0027950497155605786, 0.0017467769189476686, 0.001075745291331545, 0.0006534739545182483, 0.0003918938076125344, 0.00023220076220345035, 0.00013602317371587327, 7.882889491766804e-5, 4.5219392843258285e-5, 2.568925906735823e-5, 1.4459975046837e-5, 8.067829927436476e-6, 4.463627977891766e-6, 2.44972073452811e-6, 1.3340915621653874e-6, 7.211530495858596e-7, 3.8704771011153303e-7, 2.0630535319824928e-7, 1.0923734454821812e-7, 5.747048691057726e-8, 3.004855527279013e-8, 1.5616839694288394e-8, 8.069263698527222e-9, 4.145922596203858e-9, 2.1184864862860505e-9",MIN
5.0,"['7', '8', '4', '2', '3', '6', '9', '16', '13']",4.217921120180529,"0, 1, 2, 3, 4, 5, 6, 7, 8, 9, 10, 11, 12, 13, 14, 15, 16, 17, 18, 19, 20, 21, 22, 23, 24, 25, 26, 27, 28, 29, 30, 31, 32, 33, 34, 35, 36, 37, 38, 39, 40","0.07260330051387003, 0.11304848356312383, 0.13477291651170595, 0.13791762424597567, 0.1271878565238972, 0.10860378060878889, 0.08731904717532414, 0.06684842673838433, 0.049116664458853806, 0.034839472832105575, 0.023965032514596828, 0.0160433546171074, 0.010482685047235199, 0.00670097778011054, 0.004199052898575387, 0.002583686408401498, 0.001563245099354668, 0.000931221083525144, 0.0005467491738282629, 0.00031669973794180866, 0.0001811335665904188, 0.00010236924739962387, 5.720748489211522e-5, 3.1631035735011923e-5, 1.7313719114612613e-5, 9.386433679237705e-6, 5.042458132720524e-6, 2.6853222302284273e-6, 1.4181721541241547e-6, 7.430065681694017e-7, 3.86303221008657e-7, 1.9937291091739106e-7, 1.0217077677168565e-7, 5.2002221406588936e-8, 2.6293951191576242e-8, 1.3210691678051326e-8, 6.596620987756092e-9, 3.274374878269703e-9, 1.6159405627600435e-9, 7.930247794278987e-10, 3.870635355129599e-10",NYM
5.0,"['5', '8', '2', '9', '16', '3', '6', '13', '4']",4.128380472102872,"0, 1, 2, 3, 4, 5, 6, 7, 8, 9, 10, 11, 12, 13, 14, 15, 16, 17, 18, 19, 20, 21, 22, 23, 24, 25, 26, 27, 28, 29, 30, 31, 32, 33, 34, 35, 36, 37, 38, 39, 40","0.07564643138341494, 0.11653552662683894, 0.13770941757845237, 0.13966456422671883, 0.12761693125715418, 0.10795073345589118, 0.08596805388804397, 0.06517818723582745, 0.04742026537408044, 0.03330248133261688, 0.022677907725989304, 0.015027741715842603, 0.009718548776078672, 0.006148326288247845, 0.0038126053216224016, 0.0023212726588729077, 0.0013896175288872, 0.0008189749012378921, 0.0004756908637967642, 0.00027256744600058605, 0.00015420087935643536, 8.619702425179709e-5, 4.7641434598509524e-5, 2.605133773669072e-5, 1.4101589182689834e-5, 7.559912491227804e-6, 4.015828947776268e-6, 2.114585341648994e-6, 1.1041641596665625e-6, 5.719446384395435e-7, 2.939868042818009e-7, 1.499982072257726e-7, 7.598886535161991e-8, 3.8232447912626995e-8, 1.91089683756683e-8, 9.489929139915215e-9, 4.683822144892758e-9, 2.2979189076291773e-9, 1.120845199047514e-9, 5.436357328055753e-10, 2.622358101265927e-10",NYY
2.0,"['6', '20', '13', '10', '18', '8', '5', '1', '7']",3.4716562051287236,"0, 1, 2, 3, 4, 5, 6, 7, 8, 9, 10, 11, 12, 13, 14, 15, 16, 17, 18, 19, 20, 21, 22, 23, 24, 25, 26, 27, 28, 29, 30, 31, 32, 33, 34, 35, 36, 37, 38, 39, 40","0.10930611771059784, 0.14789969265167982, 0.15829840117085642, 0.1471179436538266, 0.12398046213924242, 0.0971401477495805, 0.07188614019469207, 0.05077609836586432, 0.03448911320678717, 0.022652785201136193, 0.014448785477901975, 0.008980013125554723, 0.00545310337426592, 0.003242707794996613, 0.0018918460315615361, 0.0010846004312328162, 0.0006118615447406252, 0.0003400554867452243, 0.00018638396038301135, 0.0001008380888264986, 5.38949865848853e-5, 2.8476879617313347e-5, 1.4884575941162556e-5, 7.700745923180347e-6, 3.945567762016157e-6, 2.002964561898482e-6, 1.0078901094442441e-6, 5.029233332224541e-7, 2.489415183754978e-7, 1.2227717617570037e-7, 5.961838568699418e-8, 2.886196028451984e-8, 1.3877049855859935e-8, 6.628279968107393e-9, 3.1458362040359557e-9, 1.4838682968406896e-9, 6.957686425972579e-10, 3.2435846022154096e-10, 1.5036681111593104e-10, 6.932915719830305e-11, 3.1796805578250204e-11",OAK
7.0,"['4', '6', '1', '16', '8', '3', '5', '11', '7']",4.778428886726383,"0, 1, 2, 3, 4, 5, 6, 7, 8, 9, 10, 11, 12, 13, 14, 15, 16, 17, 18, 19, 20, 21, 22, 23, 24, 25, 26, 27, 28, 29, 30, 31, 32, 33, 34, 35, 36, 37, 38, 39, 40","0.05456601486920377, 0.09213693316813366, 0.11707557925830069, 0.12704173337894112, 0.12392022468105283, 0.11174151553568282, 0.09476707856702007, 0.07646285655294804, 0.0591717961434814, 0.04418331033438771, 0.03198027877023894, 0.022519858716226887, 0.015473289304544488, 0.010398740806549787, 0.006849121551140695, 0.004428794640808107, 0.0028155735008541967, 0.0017620869491499745, 0.0010867898908637035, 0.0006612149257276218, 0.00039718372068164414, 0.00023573517882742234, 0.00013833724386223722, 8.031628511922778e-5, 4.6159406553217e-5, 2.627414950307653e-5, 1.481867913465429e-5, 8.28487280561302e-6, 4.5933087578940255e-6, 2.5262903591182777e-6, 1.378799213239021e-6, 7.46982456727538e-7, 4.018214626408124e-7, 2.146753431802796e-7, 1.1393640610786889e-7, 6.008581783193978e-8, 3.149211149896267e-8, 1.6407302188443525e-8, 8.498806597630755e-9, 4.377628044643841e-9, 2.242591034783044e-9",PHI
5.0,"['23', '6', '9', '2', '24', '5', '7', '3', '1']",4.02482679531747,"0, 1, 2, 3, 4, 5, 6, 7, 8, 9, 10, 11, 12, 13, 14, 15, 16, 17, 18, 19, 20, 21, 22, 23, 24, 25, 26, 27, 28, 29, 30, 31, 32, 33, 34, 35, 36, 37, 38, 39, 40","0.08328020423888156, 0.12272464676552737, 0.14061849141906352, 0.13964007699960268, 0.12563918339373817, 0.10506539629013939, 0.08297268699643058, 0.06254127504097708, 0.04533405245928512, 0.03177860584349178, 0.02163525297855398, 0.01435418706971628, 0.009306239738798983, 0.005909185848027213, 0.0036817715103515986, 0.002254522445498283, 0.0013586711255016708, 0.0008067700393914303, 0.0004725080052202398, 0.000273204010820187, 0.00015607487805868075, 8.815737176867641e-5, 4.9265456824251086e-5, 2.725433335061925e-5, 1.493360215502431e-5, 8.108395077310884e-6, 4.364496630080854e-6, 2.329879399939722e-6, 1.2339271500223413e-6, 6.485545038746087e-7, 3.384052233639998e-7, 1.7534114203276802e-7, 9.024024078760532e-8, 4.614147998449029e-8, 2.3445280679256548e-8, 1.1840854144078913e-8, 5.945100706840033e-9, 2.9679960272765847e-9, 1.4735658801673715e-9, 7.276918320918171e-10, 3.5748878545575913e-10",PIT
2.0,"['7', '6', '5', '4', '2', '9', '12', '3', '25']",4.8959513847328635,"0, 1, 2, 3, 4, 5, 6, 7, 8, 9, 10, 11, 12, 13, 14, 15, 16, 17, 18, 19, 20, 21, 22, 23, 24, 25, 26, 27, 28, 29, 30, 31, 32, 33, 34, 35, 36, 37, 38, 39, 40","0.053296951220408915, 0.0896722129442314, 0.11377567795966856, 0.12390585870887053, 0.12166387897176256, 0.11067339357444902, 0.09484892488046812, 0.07744261589575387, 0.06071761679509286, 0.04598065390029313, 0.03378380978506043, 0.02416857925987742, 0.01688269534300219, 0.011542480056047633, 0.007738799669716269, 0.005096650663831967, 0.003301786747166609, 0.002106681350172404, 0.0013252542704718876, 0.0008227329601787984, 0.0005044753278076996, 0.0003057489450071646, 0.00018328311589714088, 0.00010873570990680883, 6.387765123204209e-5, 3.7176226098554814e-5, 2.1444471088044513e-5, 1.2265241961352223e-5, 6.958407852060634e-6, 3.917109345810492e-6, 2.1886730534660006e-6, 1.2141777558003282e-6, 6.689400328655703e-7, 3.6610398992215095e-7, 1.9908347711136717e-7, 1.0759041641871887e-7, 5.779727469274648e-8, 3.0868713772618517e-8, 1.639395819526671e-8, 8.659146905298519e-9, 4.549459765494059e-9",SDP
3.0,"['7', '3', '2', '8', '1', '5', '6', '20', '4']",4.324784383679672,"0, 1, 2, 3, 4, 5, 6, 7, 8, 9, 10, 11, 12, 13, 14, 15, 16, 17, 18, 19, 20, 21, 22, 23, 24, 25, 26, 27, 28, 29, 30, 31, 32, 33, 34, 35, 36, 37, 38, 39, 40","0.06941930117243576, 0.10910989869557103, 0.13127103184568836, 0.13567413271067152, 0.12643131367570687, 0.10913494225204773, 0.08873301600780963, 0.06871502422816829, 0.05108403884638845, 0.036671059414190785, 0.025533804293552054, 0.017306153165777608, 0.011450419955443889, 0.007413113511545537, 0.0047053581697691586, 0.0029330610823759093, 0.0017980665994147404, 0.0010853831178770311, 0.0006458344855016045, 0.00037916853686581085, 0.0002198271446919184, 0.00012594874213501007, 7.136105326637328e-5, 4.0007931305475424e-5, 2.2206791127480052e-5, 1.2209436221928047e-5, 6.6523039614934154e-6, 3.5933103456826515e-6, 1.9249885207860733e-6, 1.0231132311786236e-6, 5.396608861568257e-7, 2.8258480924289676e-7, 1.469354967154101e-7, 7.58866706972614e-8, 3.893750977579816e-8, 1.9853209397588427e-8, 1.006103606880314e-8, 5.068597660889216e-9, 2.5388930377006517e-9, 1.2646952877183584e-9, 6.26586796451353e-10",SEA
0.0,"['2', '8', '10', '9', '11', '3', '4', '12', '27']",3.849521073500373,"0, 1, 2, 3, 4, 5, 6, 7, 8, 9, 10, 11, 12, 13, 14, 15, 16, 17, 18, 19, 20, 21, 22, 23, 24, 25, 26, 27, 28, 29, 30, 31, 32, 33, 34, 35, 36, 37, 38, 39, 40","0.09124077706078092, 0.13036712512789497, 0.1460506568878905, 0.1421102775532678, 0.12537847610020883, 0.10286432937112537, 0.07972560255388182, 0.058991805976409156, 0.04198434778152276, 0.028899574555924283, 0.019322091637842976, 0.012590351171806987, 0.008017230217489076, 0.005000189745359405, 0.0030601136837294838, 0.0018406306239117439, 0.0010895928438327167, 0.0006355379609874144, 0.0003656324689110683, 0.00020766669348321878, 0.00011653487749625476, 6.465803091291672e-5, 3.549311298740758e-5, 1.928727948393732e-5, 1.0380764518008842e-5, 5.536355151331699e-6, 2.92713043472465e-6, 1.5348096225139818e-6, 7.983950075439655e-7, 4.121695455575602e-7, 2.112328273076385e-7, 1.0749713119514879e-7, 5.433700796027322e-8, 2.7287464921648695e-8, 1.3617491510864217e-8, 6.7544283366071085e-9, 3.3306012842832024e-9, 1.6329717998086228e-9, 7.96216293446386e-10, 3.861441476389357e-10, 1.8629417880102744e-10",SFG
9.0,"['11', '7', '2', '5', '1', '6', '3', '8', '10']",4.564150669004601,"0, 1, 2, 3, 4, 5, 6, 7, 8, 9, 10, 11, 12, 13, 14, 15, 16, 17, 18, 19, 20, 21, 22, 23, 24, 25, 26, 27, 28, 29, 30, 31, 32, 33, 34, 35, 36, 37, 38, 39, 40","0.06245543990087868, 0.10074498156964229, 0.12374461930751819, 0.13069543645579543, 0.12454062817748954, 0.1099882540861667, 0.09153669897220236, 0.07258858668173088, 0.0552801689692796, 0.040664999557351346, 0.02902411306133746, 0.020170294023495402, 0.013687188457976156, 0.009090327398428428, 0.005920461001924126, 0.0037875614354309466, 0.002383452084836388, 0.0014771590394297486, 0.000902580749655745, 0.0005442405775021578, 0.00032411811010800835, 0.00019078553950824319, 0.00011107226801650124, 6.399462715539463e-5, 3.6508485450709135e-5, 2.0633323630324857e-5, 1.1557497892127556e-5, 6.418816186175023e-6, 3.5359407799248313e-6, 1.9326947758653364e-6, 1.0484975178208503e-6, 5.64734709002265e-7, 3.0207316888937523e-7, 1.6050167362328059e-7, 8.473213904427233e-8, 4.445416252894778e-8, 2.3182510877177552e-8, 1.2019173922410461e-8, 6.196292629182414e-9, 3.176907542714741e-9, 1.6201691118250995e-9",STL
4.0,"['2', '4', '5', '6', '9', '12', '8', '1', '7']",4.850138729631058,"0, 1, 2, 3, 4, 5, 6, 7, 8, 9, 10, 11, 12, 13, 14, 15, 16, 17, 18, 19, 20, 21, 22, 23, 24, 25, 26, 27, 28, 29, 30, 31, 32, 33, 34, 35, 36, 37, 38, 39, 40","0.052229673485653785, 0.08945734982379093, 0.11485027300427232, 0.1256878141981988, 0.12352232087425413, 0.11214240850514165, 0.0957045574045245, 0.07767107848871262, 0.06043701323761707, 0.04536227467260841, 0.03299541640101546, 0.02334382431279277, 0.01611146862759668, 0.010874255111340504, 0.007191964241624408, 0.004669022497927257, 0.002979712362638018, 0.0018717410779296342, 0.001158571788784126, 0.000707343626104898, 0.00042632847068699254, 0.0002538632672243541, 0.00014945043835467016, 8.70375483130358e-5, 5.0173303512878623e-5, 2.86429030828266e-5, 1.6201005842138445e-5, 9.083063434347223e-6, 5.049607359276655e-6, 2.7846691228575215e-6, 1.5237859619373298e-6, 8.276399676243164e-7, 4.4632270563641165e-7, 2.3903451300947073e-7, 1.2716933316637393e-7, 6.722225922285215e-8, 3.5313836095900496e-8, 1.8440126217355337e-8, 9.57305774429707e-9, 4.9417503787196384e-9, 2.5370274285134404e-9",TBR
11.0,"['3', '4', '2', '8', '5', '1', '11', '14', '12']",5.3261697818090505,"0, 1, 2, 3, 4, 5, 6, 7, 8, 9, 10, 11, 12, 13, 14, 15, 16, 17, 18, 19, 20, 21, 22, 23, 24, 25, 26, 27, 28, 29, 30, 31, 32, 33, 34, 35, 36, 37, 38, 39, 40","0.042093948491042074, 0.07562088853955744, 0.10109666682935028, 0.1151382022041236, 0.11771651632065885, 0.11117289762263309, 0.09869735502133153, 0.08333013080114286, 0.06746092924290163, 0.052685780992371804, 0.039879272333950395, 0.029363497203590692, 0.021094081808222788, 0.014820474390641655, 0.010204553335244176, 0.006897668872601649, 0.0045838001883135165, 0.002998583286862068, 0.0019331043403322612, 0.0012293250081834761, 0.0007718366372823105, 0.00047881252493426815, 0.0002936879298592269, 0.000178219981358845, 0.0001070581563328556, 6.369374616750082e-5, 3.754816439875309e-5, 2.1942153310275215e-5, 1.2715598013470328e-5, 7.309978755436063e-6, 4.170228269531872e-6, 2.3615635723622743e-6, 1.3278758455459068e-6, 7.415601802974123e-7, 4.1140685667835246e-7, 2.2679354490083137e-7, 1.242553643206062e-7, 6.767217643643757e-8, 3.6643372359955147e-8, 1.9730847900197507e-8, 1.0566500952117804e-8",TEX
10.0,"['8', '4', '2', '6', '1', '9', '5', '3', '7']",4.497390993937643,"0, 1, 2, 3, 4, 5, 6, 7, 8, 9, 10, 11, 12, 13, 14, 15, 16, 17, 18, 19, 20, 21, 22, 23, 24, 25, 26, 27, 28, 29, 30, 31, 32, 33, 34, 35, 36, 37, 38, 39, 40","0.06524861504472407, 0.10364276087714987, 0.12583958678952348, 0.13169673164157567, 0.12452526632098951, 0.10923416759729172, 0.09036737873651457, 0.07127970166033952, 0.05402334906526173, 0.03956844399330367, 0.028130667523057762, 0.019479757329890775, 0.013175811946238842, 0.00872495277738426, 0.005667312901801256, 0.0036168281482351007, 0.002271023197767268, 0.0014046976504297174, 0.0008567804178998427, 0.0005158034913913452, 0.00030674944227913534, 0.0001803374796102668, 0.00010487576752542566, 6.036806009465579e-5, 3.4412289637778674e-5, 1.943585680037114e-5, 1.0881001661683388e-5, 6.040649298377549e-6, 3.3266554204292855e-6, 1.817977012443557e-6, 9.861901868126165e-7, 5.311897222773844e-7, 2.8416527656682354e-7, 1.5101913379609674e-7, 7.975028340656107e-8, 4.185666082931808e-8, 2.183813476502999e-8, 1.1328331760015114e-8, 5.84374776749405e-9, 2.99821600126983e-9, 1.5301951521136905e-9",TOR
2.0,"['8', '9', '5', '2', '1', '7', '3', '14', '4']",3.649470770125122,"0, 1, 2, 3, 4, 5, 6, 7, 8, 9, 10, 11, 12, 13, 14, 15, 16, 17, 18, 19, 20, 21, 22, 23, 24, 25, 26, 27, 28, 29, 30, 31, 32, 33, 34, 35, 36, 37, 38, 39, 40","0.10120127201564308, 0.1398051173351054, 0.15235953222612475, 0.14448755468658409, 0.12441611691525573, 0.0997105950257124, 0.07554157663539807, 0.05466698940028636, 0.03806802714846309, 0.02564894169153972, 0.016791172847715703, 0.010716194158740457, 0.006685229774453485, 0.004085734125250385, 0.0024507895403015224, 0.0014451250097429857, 0.0008387879980606595, 0.0004797907059029443, 0.0002707357894988496, 0.00015084196824102723, 8.304732986531386e-5, 4.521298318014842e-5, 2.435617439274247e-5, 1.2990043228069986e-5, 6.862640711359644e-6, 3.592968145849814e-6, 1.8650132458681334e-6, 9.601642822985255e-7, 4.904545890233308e-7, 2.486472986087741e-7, 1.2515011758784736e-7, 6.25550293744626e-8, 3.105907698686277e-8, 1.5321948070972804e-8, 7.51164430795539e-9, 3.6605087647218187e-9, 1.7734423588477295e-9, 8.543585642715915e-10, 4.0933983530984934e-10, 1.9508201771464345e-10, 9.249202870394258e-11",WSN
