2,"['19', '3', '6', '2', '11', '14', '10', '1', '8']",4.852546934,"0, 1, 2, 3, 4, 5, 6, 7, 8, 9, 10, 11, 12, 13, 14, 15, 16, 17, 18, 19, 20, 21, 22, 23, 24, 25, 26, 27, 28, 29, 30, 31, 32, 33, 34, 35, 36, 37, 38, 39, 40","0.053729347638532154, 0.0912514942403516, 0.11524837557531296, 0.12502416855267215, 0.12226183857716139, 0.11075115377030001, 0.09451643895117119, 0.07684916886626911, 0.06000422379360797, 0.045256318106445016, 0.033119348064957206, 0.023600826063636934, 0.01642311500692266, 0.01118627929601864, 0.007472536390532435, 0.004903680315123897, 0.0031656562388863844, 0.0020129139261238988, 0.0012620334554004182, 0.000780924424626224, 0.0004773106230835809, 0.0002883827246369087, 0.00017234600841085982, 0.00010194269627719167, 5.9712864085446844e-5, 3.465361238442662e-5, 1.9933850854841458e-5, 1.1370308980660696e-5, 6.43358636617333e-6, 3.6122856530470494e-6, 2.0132404383370666e-6, 1.1140888255770476e-6, 6.1230973402517e-7, 3.34316435023607e-7, 1.8137601795119458e-7, 9.779822112188757e-8, 5.242012557865795e-8, 2.7935886266729967e-8, 1.4804718990438703e-8, 7.80337373108131e-9, 4.091437884557067e-9",ARI
7,"['8', '2', '5', '3', '1', '9', '7', '10', '4']",6.67912436,"0, 1, 2, 3, 4, 5, 6, 7, 8, 9, 10, 11, 12, 13, 14, 15, 16, 17, 18, 19, 20, 21, 22, 23, 24, 25, 26, 27, 28, 29, 30, 31, 32, 33, 34, 35, 36, 37, 38, 39, 40","0.020540668386085658, 0.04406014703487243, 0.06728114670086215, 0.08614158463741481, 0.09808449162458532, 0.10250260495522504, 0.10021208861648417, 0.09282030834492522, 0.08218062888833642, 0.07000913518442911, 0.0576745803700747, 0.04612959744336102, 0.03593575959794785, 0.02733783799758769, 0.02035359264904403, 0.014857997148235191, 0.010651441570294367, 0.007508943220437572, 0.005211814765101966, 0.003565279659779245, 0.0024059979184266746, 0.0016030700540478544, 0.0010553254738184116, 0.0006868881418742465, 0.00044229556987567084, 0.00028190526701897035, 0.00017794013655874464, 0.00011128131804095062, 6.898096568464128e-5, 4.2399565883069074e-5, 2.5850688602451943e-5, 1.5638789942068143e-5, 9.390435958291368e-6, 5.598113752437819e-6, 3.3142421266383597e-6, 1.949030807508701e-6, 1.13878948073607e-6, 6.612265890936551e-7, 3.81614810929775e-7, 2.1895188869257033e-7, 1.249097282789289e-7",ATL
10,"['7', '1', '8', '2', '10', '5', '6', '3', '4']",4.802016491,"0, 1, 2, 3, 4, 5, 6, 7, 8, 9, 10, 11, 12, 13, 14, 15, 16, 17, 18, 19, 20, 21, 22, 23, 24, 25, 26, 27, 28, 29, 30, 31, 32, 33, 34, 35, 36, 37, 38, 39, 40","0.05489610518423997, 0.09246094887052553, 0.1165868885014993, 0.12614857059732534, 0.12295495403345119, 0.11095961961961562, 0.09429890316251437, 0.07632402390394523, 0.05930399813319263, 0.04449722278281163, 0.03238696332229128, 0.022947929631235476, 0.01587454085277813, 0.010746556196778506, 0.007133532557605477, 0.004650847760822326, 0.00298244426687742, 0.001883484021970111, 0.0011726519863273007, 0.000720453031019559, 0.000437155697965815, 0.0002621715119390614, 0.00015550498400150053, 9.127968742851692e-5, 5.3053176373080666e-5, 3.05471157260108e-5, 1.7431949718895713e-5, 9.863179461108077e-6, 5.535367412912903e-6, 3.0823687053594535e-6, 1.7036075883290277e-6, 9.348221901891167e-7, 5.094258996786973e-7, 2.757624284044079e-7, 1.483176968649728e-7, 7.927739194761315e-8, 4.2120405107191393e-8, 2.224871837297574e-8, 1.1685946080238866e-8, 6.104378454567889e-9, 3.1717979961936874e-9",BAL
9,"['8', '5', '9', '6', '10', '2', '3', '12', '4']",4.857519004,"0, 1, 2, 3, 4, 5, 6, 7, 8, 9, 10, 11, 12, 13, 14, 15, 16, 17, 18, 19, 20, 21, 22, 23, 24, 25, 26, 27, 28, 29, 30, 31, 32, 33, 34, 35, 36, 37, 38, 39, 40","0.053598933572442, 0.09076278906139439, 0.11495496004393715, 0.12494020250281179, 0.1223380490922887, 0.11092375711829143, 0.09472265000032648, 0.07704349370146883, 0.060162099966745576, 0.045370149969997164, 0.03319230053742118, 0.023641215459151318, 0.016440464086618724, 0.01118908507018788, 0.007467350283973901, 0.004895009354096951, 0.0031562759844851575, 0.00200431705764675, 0.0012548594939151437, 0.0007753036518463197, 0.00047310811509911614, 0.000285354671757842, 0.0001702297402043722, 0.00010050150859181217, 5.8753288134250784e-5, 3.4027320150550044e-5, 1.9532330032409305e-5, 1.1117030695593334e-5, 6.276171197175721e-6, 3.515778677488659e-6, 1.954819982108301e-6, 1.0791396467459997e-6, 5.916321927732354e-7, 3.2220945546029587e-7, 1.7435661045822973e-7, 9.376624088970392e-8, 5.0124547147719414e-8, 2.6639887898628523e-8, 1.4078912079734325e-8, 7.400013560440911e-9, 3.868923453505393e-9",BOS
4,"['3', '4', '6', '7', '2', '1', '16', '11', '14']",5.300710541,"0, 1, 2, 3, 4, 5, 6, 7, 8, 9, 10, 11, 12, 13, 14, 15, 16, 17, 18, 19, 20, 21, 22, 23, 24, 25, 26, 27, 28, 29, 30, 31, 32, 33, 34, 35, 36, 37, 38, 39, 40","0.04338805334691727, 0.07754479250705189, 0.10228498800515762, 0.1155124358945168, 0.11740370560809463, 0.11041782085377469, 0.09775983349463645, 0.08241215533297645, 0.06668385366118033, 0.052098943729014746, 0.039481462996974956, 0.0291254002602793, 0.020975924569572167, 0.014783345839753215, 0.010216164009205872, 0.0069341745651583546, 0.0046293143536562465, 0.003043632756984387, 0.0019728374950428586, 0.0012619055767105498, 0.0007971948989194184, 0.0004977714817435285, 0.000307407496779198, 0.00018787970632546348, 0.00011370065653890814, 6.816761656680769e-5, 4.050612947821601e-5, 2.3865427464539754e-5, 1.39471937708281e-5, 8.087673294914937e-6, 4.654978004168352e-6, 2.660090542756203e-6, 1.509655611510852e-6, 8.510818943263657e-7, 4.7673644684988797e-7, 2.6539539596227835e-7, 1.468603370050989e-7, 8.079677192313647e-8, 4.420167961490463e-8, 2.404976599138385e-8, 1.3016008863003192e-8",CHC
3,"['4', '7', '2', '9', '5', '6', '1', '3', '15']",3.5723162,"0, 1, 2, 3, 4, 5, 6, 7, 8, 9, 10, 11, 12, 13, 14, 15, 16, 17, 18, 19, 20, 21, 22, 23, 24, 25, 26, 27, 28, 29, 30, 31, 32, 33, 34, 35, 36, 37, 38, 39, 40","0.10311604935031608, 0.1430298758566688, 0.15528395003014786, 0.14638037343384847, 0.12498075217263768, 0.0991518189538714, 0.07426353862489916, 0.05307348523161308, 0.03646500823232271, 0.024221501045539332, 0.015621424761429985, 0.009815505713960993, 0.006025203284558202, 0.0036214404582726217, 0.0021353262667309536, 0.0012371362332875952, 0.000705243026185043, 0.0003960458541505358, 0.00021932567525063536, 0.00011988604972083107, 6.473448011369269e-5, 3.455453934252153e-5, 1.8245616652778223e-5, 9.535636529493701e-6, 4.93523772141407e-6, 2.5307056367559022e-6, 1.286294801309392e-6, 6.483033043128789e-7, 3.2412603821889825e-7, 1.608029163519053e-7, 7.918686634086736e-8, 3.871830239859752e-8, 1.8801774572435264e-8, 9.070013231908577e-9, 4.3475360463195985e-9, 2.071082890147157e-9, 9.807479570656307e-10, 4.6174686128418596e-10, 2.1617869772509082e-10, 1.0065962408167632e-10, 4.662275000942575e-11",CHW
4,"['3', '7', '11', '1', '21', '16', '2', '8', '15']",5.272881983,"0, 1, 2, 3, 4, 5, 6, 7, 8, 9, 10, 11, 12, 13, 14, 15, 16, 17, 18, 19, 20, 21, 22, 23, 24, 25, 26, 27, 28, 29, 30, 31, 32, 33, 34, 35, 36, 37, 38, 39, 40","0.043132362172540496, 0.07773679038028128, 0.10288757171332609, 0.11633094608840554, 0.11820941521294138, 0.11103732430755792, 0.09810887171213077, 0.08248606449948119, 0.06653036277562589, 0.05178924908822268, 0.03908791646112863, 0.02870826857329595, 0.02057811153732737, 0.014430565144088092, 0.009920025040503393, 0.006696249446258281, 0.0044449949772904455, 0.002905209820266349, 0.0018716573021934088, 0.001189696651649457, 0.0007467542724275662, 0.00046321313206475336, 0.0002841455332292783, 0.00017247386884472831, 0.00010364976442774984, 6.170116382447967e-5, 3.6399608161758625e-5, 2.128920077494196e-5, 1.2349434663075355e-5, 7.107422907257744e-6, 4.05970856650169e-6, 2.3021024999676596e-6, 1.296347238600117e-6, 7.250968102618708e-7, 4.0295056942826424e-7, 2.2252802073619579e-7, 1.2214742266394223e-7, 6.665522170782898e-8, 3.616700121425877e-8, 1.9516076628388507e-8, 1.0474731898339093e-8",CIN
0,"['6', '4', '5', '9', '2', '3', '8', '16', '7']",4.156331918,"0, 1, 2, 3, 4, 5, 6, 7, 8, 9, 10, 11, 12, 13, 14, 15, 16, 17, 18, 19, 20, 21, 22, 23, 24, 25, 26, 27, 28, 29, 30, 31, 32, 33, 34, 35, 36, 37, 38, 39, 40","0.07839293794474671, 0.11869551412463514, 0.13673789511124268, 0.13705862237168942, 0.12471621330734313, 0.10562194728739008, 0.0845750868010792, 0.0647061147074954, 0.047652273600227786, 0.033965898396658256, 0.02353177302280543, 0.015898745792194267, 0.010503486166301165, 0.006800248510321568, 0.004322520608967437, 0.0027017650746123008, 0.001662785067723017, 0.0010087976536151584, 0.0006039331591449073, 0.00035708797263059674, 0.00020869101382768026, 0.00012063630267162576, 6.90189649581301e-5, 3.910375508550894e-5, 2.1950682751432517e-5, 1.2213944445813802e-5, 6.739437416350552e-6, 3.689065844989019e-6, 2.0039434131220314e-6, 1.0806115749980485e-6, 5.786242781663932e-7, 3.077403339797282e-7, 1.6260799412297696e-7, 8.538273116899481e-8, 4.456179018361323e-8, 2.3121014129781068e-8, 1.19284520545593e-8, 6.120264107686802e-9, 3.1234609884883385e-9, 1.5857997398008305e-9, 8.01067838677715e-10",CLE
7,"['18', '8', '9', '13', '2', '5', '1', '3', '4']",4.170178729,"0, 1, 2, 3, 4, 5, 6, 7, 8, 9, 10, 11, 12, 13, 14, 15, 16, 17, 18, 19, 20, 21, 22, 23, 24, 25, 26, 27, 28, 29, 30, 31, 32, 33, 34, 35, 36, 37, 38, 39, 40","0.07610994724921781, 0.1162653564967646, 0.13621079193381988, 0.13787003435678533, 0.12614161803985796, 0.1071054311519334, 0.08578698069286284, 0.06552492568723901, 0.048095851767606834, 0.03411944254300627, 0.023495900845529587, 0.01576087759881925, 0.010327134044022222, 0.006625034322980542, 0.0041690682976659845, 0.002577735334248513, 0.0015681611241662881, 0.0009397648052862024, 0.0005553674092366412, 0.00032394851977676943, 0.00018666455412487954, 0.00010632985242112039, 5.991557758536722e-5, 3.3417264768439746e-5, 1.845778455468768e-5, 1.0101245484448159e-5, 5.479588268969225e-6, 2.9476288038138737e-6, 1.572929155110163e-6, 8.32920883934856e-7, 4.378160897154259e-7, 2.285061392017982e-7, 1.1845072637351716e-7, 6.099839612671439e-8, 3.121328580732586e-8, 1.5874265177229374e-8, 8.025410945491982e-9, 4.034049142802081e-9, 2.0164659624757503e-9, 1.0025065228684013e-9, 4.957886137639398e-10",COL
0,"['10', '4', '7', '12', '2', '20', '9', '14', '21']",3.989925265,"0, 1, 2, 3, 4, 5, 6, 7, 8, 9, 10, 11, 12, 13, 14, 15, 16, 17, 18, 19, 20, 21, 22, 23, 24, 25, 26, 27, 28, 29, 30, 31, 32, 33, 34, 35, 36, 37, 38, 39, 40","0.08443460190151461, 0.12443460993930532, 0.1417713097136871, 0.14023212680944552, 0.12567913754442062, 0.10469199626164276, 0.0823613777901922, 0.06184502094078927, 0.044660460027749205, 0.031189083157461123, 0.021154632536683694, 0.013983087850618438, 0.009031998804838905, 0.005713809832123185, 0.0035468772195979526, 0.0021639002681694093, 0.0012992481843841015, 0.0007686418416265734, 0.00044851918448169883, 0.0002583791017441712, 0.00014706266997300573, 8.276137689190855e-5, 4.6079901449053e-5, 2.5398309172672367e-5, 1.3865457730171325e-5, 7.5007553446593966e-6, 4.022580583243531e-6, 2.139461703727392e-6, 1.1289144553994236e-6, 5.911781358704215e-7, 3.073330241676603e-7, 1.586558898623632e-7, 8.135283978873086e-8, 4.14442233068691e-8, 2.098108044421637e-8, 1.055735916013083e-8, 5.281183642690989e-9, 2.6268489964816927e-9, 1.2993945929083575e-9, 6.393205827650112e-10, 3.1291998299431777e-10",DET
2,"['4', '5', '9', '2', '8', '12', '7', '1', '10']",5.435596124,"0, 1, 2, 3, 4, 5, 6, 7, 8, 9, 10, 11, 12, 13, 14, 15, 16, 17, 18, 19, 20, 21, 22, 23, 24, 25, 26, 27, 28, 29, 30, 31, 32, 33, 34, 35, 36, 37, 38, 39, 40","0.04012171932348958, 0.07317011878023626, 0.09832044724774448, 0.11272798765586575, 0.11609119715085997, 0.11048152069397534, 0.09887579686077057, 0.08418384882243898, 0.06874711049768145, 0.0541740574479001, 0.041385736397029735, 0.03076220343288769, 0.02231359030774462, 0.01583275257030207, 0.011011699485022342, 0.0075197636837543245, 0.005049402766127824, 0.003338181375954672, 0.00217516399359599, 0.0013983198317234346, 0.000887616887581151, 0.0005567761868039983, 0.0003453570205954425, 0.00021196070759424302, 0.00012879026832626712, 7.751216454406137e-5, 4.622906199343832e-5, 2.733383637032745e-5, 1.6028505345413295e-5, 9.324928129315642e-6, 5.383925155649453e-6, 3.0859138067344143e-6, 1.7563873735177835e-6, 9.92933753084387e-7, 5.576831021716957e-7, 3.112565838238602e-7, 1.7266468924127818e-7, 9.521964595217859e-8, 5.221151873492316e-8, 2.8470594380677855e-8, 1.5441387902057554e-8",HOU
0,"['4', '8', '1', '9', '21', '3', '17', '7', '6']",4.107631228,"0, 1, 2, 3, 4, 5, 6, 7, 8, 9, 10, 11, 12, 13, 14, 15, 16, 17, 18, 19, 20, 21, 22, 23, 24, 25, 26, 27, 28, 29, 30, 31, 32, 33, 34, 35, 36, 37, 38, 39, 40","0.07702489947508924, 0.11854698933573081, 0.1384929476758138, 0.13955148878549667, 0.12694665009932501, 0.10706267165602454, 0.08511093504378565, 0.06448320809041609, 0.04692512467958142, 0.03298909423611514, 0.022504435432880342, 0.014949261713890098, 0.009697358658534173, 0.006157147156798828, 0.0038339114034864905, 0.0023450700103580134, 0.001411019332613025, 0.0008361866238522027, 0.0004885724037570703, 0.00028171948876751896, 0.00016044547824407254, 9.03196018988205e-5, 5.0288415848455535e-5, 2.7710488462015326e-5, 1.5119753785871219e-5, 8.173003211140512e-6, 4.378734929952598e-6, 2.3260679601733896e-6, 1.22564548435392e-6, 6.408036087967853e-7, 3.3253688646080384e-7, 1.7133110325399108e-7, 8.766604155491981e-8, 4.455887149069757e-8, 2.2503273085652813e-8, 1.1294319624158542e-8, 5.6346267799734146e-9, 2.794750114837584e-9, 1.378384343498071e-9, 6.761127830521252e-10, 3.2988072779929135e-10",KCR
1,"['6', '7', '9', '5', '8', '10', '3', '13', '15']",5.017997798,"0, 1, 2, 3, 4, 5, 6, 7, 8, 9, 10, 11, 12, 13, 14, 15, 16, 17, 18, 19, 20, 21, 22, 23, 24, 25, 26, 27, 28, 29, 30, 31, 32, 33, 34, 35, 36, 37, 38, 39, 40","0.04854819620574569, 0.08458671328860698, 0.1098779496844512, 0.12189285344952425, 0.1214696872024261, 0.11185906989823333, 0.09685788212935656, 0.0797751048003919, 0.06300979878151161, 0.04801512668715386, 0.03546401625079887, 0.025481413814242033, 0.017863411656261537, 0.01224792049649463, 0.008229920869293752, 0.005428847146125308, 0.003520745399836567, 0.0022476416949963928, 0.0014140516284822748, 0.0008775494121904118, 0.0005376753724206809, 0.0003254950816058093, 0.00019482420237422883, 0.00011536774385139943, 6.762572671107556e-5, 3.925960194389445e-5, 2.258329528082336e-5, 1.2877152794973858e-5, 7.281349067691172e-6, 4.084304377827629e-6, 2.2734282305455577e-6, 1.2561256622797312e-6, 6.891212479151695e-7, 3.754759432834456e-7, 2.032346501415473e-7, 1.0930513272837439e-7, 5.8425433678589035e-8, 3.104326139832617e-8, 1.6398974225288978e-8, 8.6143969567696e-9, 4.500515200793057e-9",LAA
8,"['8', '2', '1', '5', '9', '6', '3', '7', '4']",6.380521498,"0, 1, 2, 3, 4, 5, 6, 7, 8, 9, 10, 11, 12, 13, 14, 15, 16, 17, 18, 19, 20, 21, 22, 23, 24, 25, 26, 27, 28, 29, 30, 31, 32, 33, 34, 35, 36, 37, 38, 39, 40","0.0255203201385741, 0.051469508980675024, 0.07501662501390803, 0.09260462797415017, 0.1022958144001197, 0.10416937847684499, 0.09957638938722281, 0.09043074704389083, 0.0786845413034625, 0.06600648997668283, 0.053639202341029556, 0.04238475655284907, 0.032665125613026674, 0.02461421899127568, 0.01817253045632083, 0.013168417995994598, 0.009379759499943772, 0.006575854793794311, 0.0045426107732714285, 0.0030951561296496347, 0.002081923086299435, 0.0013835394464600157, 0.0009090062979020473, 0.0005908320476282938, 0.00038012806236164946, 0.0002422078968839366, 0.00015291251914412559, 9.56930269454359e-5, 5.938414771245831e-5, 3.655698341063395e-5, 2.2331812883205064e-5, 1.3541430279660898e-5, 8.152957586367215e-6, 4.875173649331093e-6, 2.8959783405604564e-6, 1.7093442322936085e-6, 1.0027317097544483e-6, 5.847185342250119e-7, 3.3899726290555215e-7, 1.9543753385882127e-7, 1.1206055331168746e-7",LAD
3,"['3', '5', '11', '7', '9', '16', '6', '12', '4']",4.29642186,"0, 1, 2, 3, 4, 5, 6, 7, 8, 9, 10, 11, 12, 13, 14, 15, 16, 17, 18, 19, 20, 21, 22, 23, 24, 25, 26, 27, 28, 29, 30, 31, 32, 33, 34, 35, 36, 37, 38, 39, 40","0.07229756127449764, 0.11190631936576441, 0.13220290995136136, 0.135209445387735, 0.12515599656934634, 0.10760458397466194, 0.08733096001034489, 0.06762965848341004, 0.050355123663904267, 0.03625250193882229, 0.02534552889185176, 0.01726706926562416, 0.0114944553345281, 0.007493700393989129, 0.004793643816723382, 0.003013656138600917, 0.00186456275735513, 0.0011366636872551965, 0.0006834538830807816, 0.0004057000050806932, 0.00023794162826692563, 0.0001379807117509688, 7.916411595800263e-5, 4.496267214711991e-5, 2.5293976660794407e-5, 1.4100328154841203e-5, 7.792493350926922e-6, 4.271006102435889e-6, 2.3224559504961655e-6, 1.253350590176861e-6, 6.714880579166455e-7, 3.572459348481115e-7, 1.8878741824743375e-7, 9.911987797699045e-8, 5.171638680800959e-8, 2.6820463394269723e-8, 1.3828016846377233e-8, 7.089053937417435e-9, 3.6143112229857065e-9, 1.8329100286354704e-9, 9.246986993175331e-10",MIA
0,"['6', '9', '4', '2', '1', '21', '19', '5', '3']",4.633210401,"0, 1, 2, 3, 4, 5, 6, 7, 8, 9, 10, 11, 12, 13, 14, 15, 16, 17, 18, 19, 20, 21, 22, 23, 24, 25, 26, 27, 28, 29, 30, 31, 32, 33, 34, 35, 36, 37, 38, 39, 40","0.06162771128272667, 0.09985878503847022, 0.12190601558964469, 0.12872844528705055, 0.12300048436949076, 0.10914690015341803, 0.091423225714943, 0.07307029245458026, 0.056154373691964195, 0.04172942659224197, 0.030116372245601174, 0.021181240027692668, 0.01455754957692963, 0.009799398012637874, 0.006473035980601148, 0.0042025297270734795, 0.002685369559020545, 0.001690843780997054, 0.0010501683700780897, 0.0006439705188721006, 0.00039018891816105573, 0.0002337749233586095, 0.00013858412237651073, 8.133406364496247e-5, 4.7282618873446283e-5, 2.7239903715121503e-5, 1.5558642533318546e-5, 8.813947659372253e-6, 4.95402264046534e-6, 2.7636156403132333e-6, 1.5305990187433216e-6, 8.418431135206872e-7, 4.5993822540733327e-7, 2.49672599741593e-7, 1.3469215052781438e-7, 7.222773016820931e-8, 3.8507032822784226e-8, 2.0414047139818863e-8, 1.0763279536952431e-8, 5.644888954605552e-9, 2.9452762134621622e-9",MIL
2,"['8', '4', '9', '16', '17', '18', '6', '1', '7']",5.401773525,"0, 1, 2, 3, 4, 5, 6, 7, 8, 9, 10, 11, 12, 13, 14, 15, 16, 17, 18, 19, 20, 21, 22, 23, 24, 25, 26, 27, 28, 29, 30, 31, 32, 33, 34, 35, 36, 37, 38, 39, 40","0.04055859444954432, 0.07374368079887998, 0.09907375839467261, 0.11348701872224466, 0.1166978112485621, 0.11084588750004287, 0.09897620722492578, 0.08405124132484906, 0.0684421498332561, 0.053765819526926405, 0.040936757843465565, 0.03032066413992306, 0.02191124658357549, 0.015486540141857132, 0.010727090881287244, 0.007294496872999391, 0.004876774590937886, 0.0032095615350706728, 0.0020816883117092382, 0.0013318823065287802, 0.0008413386833007562, 0.0005251273509983137, 0.0003240753001326887, 0.00019787172311470645, 0.00011959724408857359, 7.159432526651813e-5, 4.246753172621167e-5, 2.497123137111421e-5, 1.456114767265186e-5, 8.423227702872568e-6, 4.835386423340801e-6, 2.755402694461531e-6, 1.5590568967837845e-6, 8.761425378747884e-7, 4.891346420702169e-7, 2.7134425374305575e-7, 1.49603756879853e-7, 8.199344696545594e-8, 4.4679693799417505e-8, 2.4210861020236662e-8, 1.3048160184217483e-8",MIN
5,"['7', '8', '4', '2', '3', '6', '9', '16', '13']",4.895073343,"0, 1, 2, 3, 4, 5, 6, 7, 8, 9, 10, 11, 12, 13, 14, 15, 16, 17, 18, 19, 20, 21, 22, 23, 24, 25, 26, 27, 28, 29, 30, 31, 32, 33, 34, 35, 36, 37, 38, 39, 40","0.05221801709302738, 0.08911535555506317, 0.11365921453301614, 0.12426482735098734, 0.12227604384435956, 0.11132492163288472, 0.09539471900114802, 0.07781498620831735, 0.06091024121730603, 0.04602393594416604, 0.033722651605205836, 0.024047215385635704, 0.016736793007035393, 0.01139670517770215, 0.0076076504366155455, 0.00498675109898574, 0.003214454505063942, 0.0020401459143075504, 0.0012762989680276816, 0.000787765158521133, 0.0004801342444404829, 0.0002891868465916058, 0.00017224162627869707, 0.00010150935797279554, 5.922726113151476e-5, 3.422958432607264e-5, 1.960396354292408e-5, 1.113086976618223e-5, 6.2679116275060205e-6, 3.5016875950318153e-6, 1.9414802528216058e-6, 1.0686098629460193e-6, 5.840579665432269e-7, 3.1706957799176136e-7, 1.7100880513678235e-7, 9.165242343646744e-8, 4.88225937060811e-8, 2.5854317959472994e-8, 1.3613167901383557e-8, 7.128083670086304e-9, 3.7122986746908992e-9",NYM
5,"['5', '8', '2', '9', '16', '3', '6', '13', '4']",4.517154296,"0, 1, 2, 3, 4, 5, 6, 7, 8, 9, 10, 11, 12, 13, 14, 15, 16, 17, 18, 19, 20, 21, 22, 23, 24, 25, 26, 27, 28, 29, 30, 31, 32, 33, 34, 35, 36, 37, 38, 39, 40","0.06232685842773628, 0.10163331287227007, 0.12516506099722113, 0.13224434226449394, 0.125766563471874, 0.11066615315204513, 0.09164606592427846, 0.07223859204768843, 0.054632805966829616, 0.03987869122777541, 0.0282233371006085, 0.019436437964033645, 0.013062492433014614, 0.008587625942071964, 0.005533807405994175, 0.003501162518165862, 0.0021780412295488226, 0.0013339180794388662, 0.0008051485964134589, 0.00047942900549281423, 0.00028186680872705936, 0.00016374378990361934, 9.405510471381048e-5, 5.345184433176195e-5, 3.0070905922564756e-5, 1.675529492150624e-5, 9.250787396509452e-6, 5.063005968406075e-6, 2.747946383148408e-6, 1.4795570057209699e-6, 7.905336514948095e-7, 4.1928089389958816e-7, 2.2080404213894746e-7, 1.1548848212990065e-7, 6.000737361228191e-8, 3.098148878435101e-8, 1.5897271088829378e-8, 8.108685948896316e-9, 4.112117569342497e-9, 2.0736825274137227e-9, 1.0400415878281638e-9",NYY
2,"['6', '20', '13', '10', '18', '8', '5', '1', '7']",4.008175997,"0, 1, 2, 3, 4, 5, 6, 7, 8, 9, 10, 11, 12, 13, 14, 15, 16, 17, 18, 19, 20, 21, 22, 23, 24, 25, 26, 27, 28, 29, 30, 31, 32, 33, 34, 35, 36, 37, 38, 39, 40","0.08255346394681654, 0.12336287415302394, 0.14138100338803572, 0.14043282667794577, 0.12622319723051825, 0.10534509599626414, 0.08297061691231898, 0.06233657458755383, 0.04501719008566369, 0.03142572179399041, 0.02129854153090605, 0.014062491020817353, 0.00907039292872414, 0.005728380537699362, 0.003549011191661144, 0.002160497626116866, 0.001294112049203809, 0.0007636274400222079, 0.0004443617228743856, 0.0002552328974899526, 0.00014482231679451227, 8.123604558559868e-5, 4.507738675760792e-5, 2.475823678628455e-5, 1.3466714199286159e-5, 7.257595387347966e-6, 3.877067259711039e-6, 2.0538418874996916e-6, 1.0793017804001656e-6, 5.628300559284848e-7, 2.9134326162922476e-7, 1.497443701403155e-7, 7.644148813806878e-8, 3.876571575967346e-8, 1.953466316071944e-8, 9.783540760187232e-9, 4.870847718635006e-9, 2.4110826143284183e-9, 1.1868454936621681e-9, 5.810608323861136e-10, 2.8298327053843097e-10",OAK
7,"['4', '6', '1', '16', '8', '3', '5', '11', '7']",5.413081034,"0, 1, 2, 3, 4, 5, 6, 7, 8, 9, 10, 11, 12, 13, 14, 15, 16, 17, 18, 19, 20, 21, 22, 23, 24, 25, 26, 27, 28, 29, 30, 31, 32, 33, 34, 35, 36, 37, 38, 39, 40","0.03991661167592265, 0.07326259933186512, 0.09874975066308586, 0.11336066954403395, 0.11674821997546697, 0.11101605254834668, 0.0992065195948184, 0.0842938222845641, 0.06866549333688758, 0.05395367091744877, 0.041084300779090185, 0.03043024241615765, 0.021988786713037622, 0.015539056256378993, 0.01076121150179112, 0.007315769416815883, 0.004889475571430116, 0.0032167864500879935, 0.002085562934046513, 0.0013337993925637542, 0.0008421708366641254, 0.0005253970912152149, 0.00032408050484489026, 0.00019777253298716892, 0.00011947332286380478, 7.148073871707652e-5, 4.2376196276504566e-5, 2.4903130807316237e-5, 1.4512884532561434e-5, 8.390279654128015e-6, 4.813543723301896e-6, 2.741265716250752e-6, 1.5500909623069339e-6, 8.70555191149545e-7, 4.857062937271647e-7, 2.6926964353678543e-7, 1.4836403495700756e-7, 8.126111146252468e-8, 4.425165930511039e-8, 2.3963144034009737e-8, 1.2906117154205297e-8",PHI
5,"['23', '6', '9', '2', '24', '5', '7', '3', '1']",4.46175981,"0, 1, 2, 3, 4, 5, 6, 7, 8, 9, 10, 11, 12, 13, 14, 15, 16, 17, 18, 19, 20, 21, 22, 23, 24, 25, 26, 27, 28, 29, 30, 31, 32, 33, 34, 35, 36, 37, 38, 39, 40","0.06636710689037503, 0.10546565580911225, 0.1270708385590653, 0.1323019597348703, 0.12454581195886605, 0.10882667063787216, 0.08971995530167327, 0.0705524827144119, 0.053326587957822406, 0.0389634231365176, 0.02764080220519114, 0.019103916222059286, 0.012899750149226358, 0.008529454607506693, 0.005533149302030243, 0.0035272583123124915, 0.0022126741521983416, 0.0013675186951221778, 0.0008335635138214965, 0.000501571696756524, 0.00029817407807742686, 0.00017525260376666617, 0.00010190567097099225, 5.865769944778173e-5, 3.344056128231174e-5, 1.8890841719882203e-5, 1.0579071225541317e-5, 5.87536486990999e-6, 3.2372130342717775e-6, 1.7701173530264551e-6, 9.608617274558979e-7, 5.179301752792891e-7, 2.772982990300599e-7, 1.4750092160086526e-7, 7.79672367558673e-8, 4.096292499191654e-8, 2.1395208513131925e-8, 1.1111393547781023e-8, 5.738805818603732e-9, 2.9481214058736623e-9, 1.5066263345815993e-9",PIT
2,"['7', '6', '5', '4', '2', '9', '12', '3', '25']",5.461010303,"0, 1, 2, 3, 4, 5, 6, 7, 8, 9, 10, 11, 12, 13, 14, 15, 16, 17, 18, 19, 20, 21, 22, 23, 24, 25, 26, 27, 28, 29, 30, 31, 32, 33, 34, 35, 36, 37, 38, 39, 40","0.040289587204881565, 0.0732131933710853, 0.09792643766853151, 0.11204930549274476, 0.11533822978613614, 0.10983169111021658, 0.09843841610539303, 0.08399426636345791, 0.06878363021440666, 0.054382664457994126, 0.04170228474504636, 0.03112766473783347, 0.02268196570102179, 0.016173249279819443, 0.011307325802907098, 0.00776423948555719, 0.005243716852958885, 0.0034875541625888806, 0.0022867313176414355, 0.0014795710018445085, 0.0009454738092883517, 0.0005971490522211878, 0.0003730158796040761, 0.000230592873032198, 0.00014114831692321284, 8.559169474766572e-5, 5.144101765321316e-5, 3.065407529529251e-5, 1.8118878256889718e-5, 1.0626473072447267e-5, 6.185861060464698e-6, 3.575132256631784e-6, 2.0520275279112076e-6, 1.1699920854095728e-6, 6.628161631848283e-7, 3.731714142324041e-7, 2.088416053993733e-7, 1.161987540020735e-7, 6.428931386156386e-8, 3.5375384998569233e-8, 1.9362272991068394e-8",SDP
3,"['7', '3', '2', '8', '1', '5', '6', '20', '4']",5.045069933,"0, 1, 2, 3, 4, 5, 6, 7, 8, 9, 10, 11, 12, 13, 14, 15, 16, 17, 18, 19, 20, 21, 22, 23, 24, 25, 26, 27, 28, 29, 30, 31, 32, 33, 34, 35, 36, 37, 38, 39, 40","0.0488965355675927, 0.08470548320189578, 0.10934602894692086, 0.12098634198036806, 0.1205042755994175, 0.11107416549835805, 0.0963801997405347, 0.07962500412869428, 0.06313572228667193, 0.04833244993394589, 0.03588512528336654, 0.025933365264583227, 0.01829480457591142, 0.01262854146941363, 0.008546666705212298, 0.005680513249861302, 0.0037132119179947424, 0.0023901377343671522, 0.0015166242690939431, 0.0009495743951640238, 0.0005871412239744605, 0.0003587942739151562, 0.00021683530763524987, 0.00012967587671343313, 7.678402967316206e-5, 4.50381512659744e-5, 2.618090917249626e-5, 1.508908192738015e-5, 8.625399384649612e-6, 4.89198333540756e-6, 2.7537165620853133e-6, 1.5389003904945778e-6, 8.540389981989587e-7, 4.7079418749755286e-7, 2.578535701141534e-7, 1.4034574843091583e-7, 7.592737419462502e-8, 4.083697796109594e-8, 2.1839497149320316e-8, 1.1615511049979223e-8, 6.14481743880881e-9",SEA
0,"['2', '8', '10', '9', '11', '3', '4', '12', '27']",4.344244379,"0, 1, 2, 3, 4, 5, 6, 7, 8, 9, 10, 11, 12, 13, 14, 15, 16, 17, 18, 19, 20, 21, 22, 23, 24, 25, 26, 27, 28, 29, 30, 31, 32, 33, 34, 35, 36, 37, 38, 39, 40","0.07154654193795269, 0.11029736493742069, 0.1305359779549255, 0.13396195751656131, 0.12452954726993118, 0.10758559318337174, 0.08777686120968772, 0.06835655248732796, 0.051195527465982556, 0.03708222427112835, 0.02608840908872399, 0.017887547487217617, 0.011985741758827198, 0.007866260624490641, 0.005066154499489851, 0.003206913563568233, 0.0019979633133615413, 0.0012265688964815116, 0.0007427592943201728, 0.0004440681496598397, 0.0002623283781916954, 0.00015323074884942227, 8.855827887039667e-5, 5.0669331262639856e-5, 2.8715738129993646e-5, 1.612716700410759e-5, 8.979379695757549e-6, 4.958554473047252e-6, 2.716691858934013e-6, 1.4772213800977561e-6, 7.974486886103292e-7, 4.274977009482274e-7, 2.2764153048071895e-7, 1.2043715582853509e-7, 6.332248577746758e-8, 3.309286445459184e-8, 1.7193887231295772e-8, 8.882923109823014e-9, 4.564083466025662e-9, 2.3325780534994273e-9, 1.185955927441365e-9",SFG
9,"['11', '7', '2', '5', '1', '6', '3', '8', '10']",5.109493751,"0, 1, 2, 3, 4, 5, 6, 7, 8, 9, 10, 11, 12, 13, 14, 15, 16, 17, 18, 19, 20, 21, 22, 23, 24, 25, 26, 27, 28, 29, 30, 31, 32, 33, 34, 35, 36, 37, 38, 39, 40","0.04783204937231192, 0.08312797070882276, 0.10760555754116216, 0.1194906503100134, 0.11952449144000502, 0.11069795347096655, 0.09655173930507227, 0.08020738955402554, 0.0639675715200988, 0.04926689496083011, 0.0368096959282262, 0.026774898593445267, 0.019015140634050916, 0.01321607472600308, 0.00900725402805069, 0.00602966690896007, 0.003970314436095218, 0.002574678144545218, 0.0016460948183539183, 0.001038559944150036, 0.0006471679561544848, 0.0003985982877283543, 0.00024281565321490853, 0.00014638674519597698, 8.73869316703055e-5, 5.168023024879391e-5, 3.0292174634178528e-5, 1.7605254910666626e-5, 1.014899168126712e-5, 5.8052618533505096e-6, 3.295921655651716e-6, 1.8578700034238224e-6, 1.0400515465043139e-6, 5.783685345719303e-7, 3.1957008079463975e-7, 1.7548242086028051e-7, 9.578448748707129e-8, 5.197960756542384e-8, 2.8049424460855745e-8, 1.5053590035582873e-8, 8.036167145882614e-9",STL
4,"['2', '4', '5', '6', '9', '12', '8', '1', '7']",5.576509086,"0, 1, 2, 3, 4, 5, 6, 7, 8, 9, 10, 11, 12, 13, 14, 15, 16, 17, 18, 19, 20, 21, 22, 23, 24, 25, 26, 27, 28, 29, 30, 31, 32, 33, 34, 35, 36, 37, 38, 39, 40","0.03657598380377152, 0.06873505803579152, 0.09425448630448516, 0.10984472287730691, 0.11471328252153525, 0.11052107613907237, 0.1000078259497632, 0.08600403888167654, 0.07088002782452048, 0.056328573975442206, 0.04336972639614162, 0.03247248970543518, 0.023714812905636085, 0.01693441977090729, 0.011848446728970397, 0.00813671559474727, 0.0054926319702391126, 0.0036493442253630625, 0.002389130954951067, 0.0015427115669427506, 0.0009833969676019522, 0.0006193136411257325, 0.0003855962302929182, 0.0002375022594137202, 0.00014479775391799515, 8.742552850556338e-5, 5.2299871988528735e-5, 3.1012357881467314e-5, 1.8235223193768566e-5, 1.0636189099646679e-5, 6.156075017875184e-6, 3.5366967480938343e-6, 2.0173955895837297e-6, 1.1428729317011307e-6, 6.431683744641751e-7, 3.596417890420204e-7, 1.998603090227997e-7, 1.1040278163191976e-7, 6.063328416716209e-8, 3.311275021214618e-8, 1.7984704095174723e-8",TBR
11,"['3', '4', '2', '8', '5', '1', '11', '14', '12']",5.809700624,"0, 1, 2, 3, 4, 5, 6, 7, 8, 9, 10, 11, 12, 13, 14, 15, 16, 17, 18, 19, 20, 21, 22, 23, 24, 25, 26, 27, 28, 29, 30, 31, 32, 33, 34, 35, 36, 37, 38, 39, 40","0.03347773740131389, 0.06357428349742864, 0.0884499411477621, 0.10463843531056516, 0.11099572344727505, 0.10868101933892352, 0.09998776446128174, 0.08745695419253355, 0.07333306046771632, 0.05930988725915525, 0.04648541948644226, 0.03543858334944808, 0.026357334911005906, 0.01917150342859969, 0.01366558079931663, 0.009562423202425048, 0.00657836602582471, 0.0044548534257478995, 0.002973022462681338, 0.0019572118685779074, 0.0012721227655133319, 0.0008169722220952167, 0.0005187674863253557, 0.0003259083547646756, 0.0002026840612144323, 0.0001248435822561687, 7.619684463383663e-5, 4.610159449072449e-5, 2.7661244128594122e-5, 1.646490336071141e-5, 9.72570415685633e-6, 5.702811829279361e-6, 3.3203589060009193e-6, 1.920091964430313e-6, 1.1030749655225552e-6, 6.296971638151846e-7, 3.572672905126469e-7, 2.0149981845842514e-7, 1.1299403452711098e-7, 6.30101274549476e-8, 3.494693546824387e-8",TEX
10,"['8', '4', '2', '6', '1', '9', '5', '3', '7']",5.020418611,"0, 1, 2, 3, 4, 5, 6, 7, 8, 9, 10, 11, 12, 13, 14, 15, 16, 17, 18, 19, 20, 21, 22, 23, 24, 25, 26, 27, 28, 29, 30, 31, 32, 33, 34, 35, 36, 37, 38, 39, 40","0.05034042943877933, 0.0862349282313645, 0.11030033549082499, 0.1212513247574304, 0.12020741898284683, 0.11043383008260933, 0.09560894139589897, 0.07887979170624833, 0.06250653551980506, 0.04785302381832669, 0.035551568471467496, 0.025721953072168808, 0.01817519335204679, 0.012571817866128645, 0.00852918338073753, 0.005684904492761697, 0.0037278466443565416, 0.0024079187637619896, 0.0015336867403593236, 0.000964159336970942, 0.0005987396138269105, 0.00036755702037773776, 0.00022320057686756089, 0.00013415519877520314, 7.985353886209531e-5, 4.7094052937729714e-5, 2.7530587829135088e-5, 1.595944514278405e-5, 9.177693881590007e-6, 5.2373345568101745e-6, 2.9667697432652528e-6, 1.6687046630762347e-6, 9.322087471238558e-7, 5.173594645607715e-7, 2.853099900320203e-7, 1.5637949535766275e-7, 8.520547092354711e-8, 4.6159475170698684e-8, 2.486769768919335e-8, 1.332485437754044e-8, 7.102446796375873e-9",TOR
2,"['8', '9', '5', '2', '1', '7', '3', '14', '4']",4.141374039,"0, 1, 2, 3, 4, 5, 6, 7, 8, 9, 10, 11, 12, 13, 14, 15, 16, 17, 18, 19, 20, 21, 22, 23, 24, 25, 26, 27, 28, 29, 30, 31, 32, 33, 34, 35, 36, 37, 38, 39, 40","0.07792435587911917, 0.11831531788117304, 0.13717069746030672, 0.13789815615293466, 0.1255632616847765, 0.10624295665557555, 0.08488874869270564, 0.06473751307395283, 0.047479060304957146, 0.03367618824189372, 0.02319998736000277, 0.01557658207896109, 0.010220388719179902, 0.006568302799409913, 0.004142359733969991, 0.002567699425027045, 0.0015665188214917427, 0.0009417494413783633, 0.0005584591142807088, 0.0003269622867012115, 0.00018914863848507353, 0.00010819798243130855, 6.123832770246545e-5, 3.431356627545679e-5, 1.9044644295200206e-5, 1.0474876984862295e-5, 5.7119037447106805e-6, 3.089150240057297e-6, 1.657598593375956e-6, 8.827651786611285e-7, 4.6673295211116266e-7, 2.4505918718914417e-7, 1.2781018430164679e-7, 6.623024504502252e-8, 3.410678253713793e-8, 1.7458582128698864e-8, 8.884750720666925e-9, 4.496020190524238e-9, 2.262723980495766e-9, 1.132724189498808e-9, 5.641190005261708e-10",WSN